time,f0,language,location,group,gender,speaker,condition,f0_cent,dt,df0,f0stab
0.404081632653061,113.550442907088,Czech,Prague,S2,Male,19,conv,-2345.00422849992,0.00498866213151927,-391.156045057845,-391.156045057845
0.409070294784581,112.896440480613,Czech,Prague,S2,Male,19,conv,-2355.00422849992,0.00498866213151927,-325.962206766746,-325.962206766746
0.4140589569161,112.896440480613,Czech,Prague,S2,Male,19,conv,-2355.00422849992,0.00498866213151927,-264.429571711275,-264.429571711275
0.419047619047619,112.896440480613,Czech,Prague,S2,Male,19,conv,-2355.00422849992,0.00498866213151927,-210.683362028965,-210.683362028965
0.424036281179138,112.896440480613,Czech,Prague,S2,Male,19,conv,-2355.00422849992,0.00498866213151927,-167.940216655889,-167.940216655889
0.429024943310658,113.550442907088,Czech,Prague,S2,Male,19,conv,-2345.00422849992,0.00498866213151927,-137.777457121977,-137.777457121977
0.434013605442177,113.550442907088,Czech,Prague,S2,Male,19,conv,-2345.00422849992,0.00498866213151927,-119.401676198978,-119.401676198978
0.439002267573696,112.896440480613,Czech,Prague,S2,Male,19,conv,-2355.00422849992,0.00498866213151927,-109.374941076062,-109.374941076062
0.443990929705215,112.896440480613,Czech,Prague,S2,Male,19,conv,-2355.00422849992,0.00498866213151927,-102.085413406649,-102.085413406649
0.448979591836735,112.896440480613,Czech,Prague,S2,Male,19,conv,-2355.00422849992,0.00498866213151927,-90.9062369674729,-90.9062369674729
0.453968253968254,112.896440480613,Czech,Prague,S2,Male,19,conv,-2355.00422849992,0.00498866213151927,-69.69330996553,-69.69330996553
0.458956916099773,112.896440480613,Czech,Prague,S2,Male,19,conv,-2355.00422849992,0.00498866213151927,-34.1807484871792,-34.1807484871792
0.463945578231293,112.896440480613,Czech,Prague,S2,Male,19,conv,-2355.00422849992,0.00498866213151927,17.0654005046876,-17.0654005046876
0.468934240362812,112.246204830937,Czech,Prague,S2,Male,19,conv,-2365.00422849992,0.00498866213151927,82.2984185780532,-82.2984185780532
0.473922902494331,112.896440480613,Czech,Prague,S2,Male,19,conv,-2355.00422849992,0.00498866213151927,156.869875612554,-156.869875612554
0.47891156462585,112.896440480613,Czech,Prague,S2,Male,19,conv,-2355.00422849992,0.00498866213151927,234.077341379064,-234.077341379064
0.48390022675737,112.896440480613,Czech,Prague,S2,Male,19,conv,-2355.00422849992,0.00498866213151927,306.453981529115,-306.453981529115
0.488888888888889,113.550442907088,Czech,Prague,S2,Male,19,conv,-2345.00422849992,0.00498866213151927,367.280298757042,-367.280298757042
0.493877551020408,113.550442907088,Czech,Prague,S2,Male,19,conv,-2345.00422849992,0.00498866213151927,411.998210761397,-411.998210761397
0.498866213151927,113.550442907088,Czech,Prague,S2,Male,19,conv,-2345.00422849992,0.00498866213151933,439.162169291199,-439.162169291199
0.503854875283447,114.208233931077,Czech,Prague,S2,Male,19,conv,-2335.00422849992,0.00498866213151927,450.626927711693,-450.626927711693
0.508843537414966,114.208233931077,Czech,Prague,S2,Male,19,conv,-2335.00422849992,0.00498866213151927,450.856956492826,-450.856956492826
0.513832199546485,114.208233931077,Czech,Prague,S2,Male,19,conv,-2335.00422849992,0.00498866213151927,445.50328160036,-445.50328160036
0.518820861678005,114.208233931077,Czech,Prague,S2,Male,19,conv,-2335.00422849992,0.00498866213151927,439.645742055166,-439.645742055166
0.523809523809524,114.208233931077,Czech,Prague,S2,Male,19,conv,-2335.00422849992,0.00498866213151927,436.244563085063,-436.244563085063
0.528798185941043,114.208233931077,Czech,Prague,S2,Male,19,conv,-2335.00422849992,0.00498866213151927,435.310155246101,-435.310155246101
0.533786848072562,114.869835499704,Czech,Prague,S2,Male,19,conv,-2325.00422849992,0.00498866213151927,434.070470773027,-434.070470773027
0.538775510204082,114.869835499704,Czech,Prague,S2,Male,19,conv,-2325.00422849992,0.00498866213151927,428.062216737962,-428.062216737962
0.543764172335601,114.869835499704,Czech,Prague,S2,Male,19,conv,-2325.00422849992,0.00498866213151927,412.732737988063,-412.732737988063
0.54875283446712,115.535269687227,Czech,Prague,S2,Male,19,conv,-2315.00422849992,0.00498866213151927,384.956906472667,-384.956906472667
0.553741496598639,115.535269687227,Czech,Prague,S2,Male,19,conv,-2315.00422849992,0.00498866213151927,343.926643117333,-343.926643117333
0.558730158730159,115.535269687227,Czech,Prague,S2,Male,19,conv,-2315.00422849992,0.00498866213151927,291.134897803601,-291.134897803601
0.563718820861678,115.535269687227,Czech,Prague,S2,Male,19,conv,-2315.00422849992,0.00498866213151927,229.537102747694,-229.537102747694
0.568707482993197,115.535269687227,Czech,Prague,S2,Male,19,conv,-2315.00422849992,0.00498866213151927,162.283954823761,-162.283954823761
0.573696145124717,115.535269687227,Czech,Prague,S2,Male,19,conv,-2315.00422849992,0.00498866213151927,91.5624102708194,-91.5624102708194
0.578684807256236,115.535269687227,Czech,Prague,S2,Male,19,conv,-2315.00422849992,0.00498866213151927,18.0127754742605,-18.0127754742605
0.583673469387755,115.535269687227,Czech,Prague,S2,Male,19,conv,-2315.00422849992,0.00498866213151927,-59.0550425676845,-59.0550425676845
0.588662131519274,115.535269687227,Czech,Prague,S2,Male,19,conv,-2315.00422849992,0.00498866213151927,-140.747441673849,-140.747441673849
0.593650793650794,115.535269687227,Czech,Prague,S2,Male,19,conv,-2315.00422849992,0.00498866213151927,-227.361302960207,-227.361302960207
0.598639455782313,115.535269687227,Czech,Prague,S2,Male,19,conv,-2315.00422849992,0.00498866213151927,-317.372742912486,-317.372742912486
0.603628117913832,115.535269687227,Czech,Prague,S2,Male,19,conv,-2315.00422849992,0.00498866213151927,-407.107017801143,-407.107017801143
0.608616780045351,114.869835499704,Czech,Prague,S2,Male,19,conv,-2325.00422849992,0.00498866213151927,-491.305204643912,-491.305204643912
0.613605442176871,114.869835499704,Czech,Prague,S2,Male,19,conv,-2325.00422849992,0.00498866213151927,-564.442889249468,-564.442889249468
0.61859410430839,114.208233931077,Czech,Prague,S2,Male,19,conv,-2335.00422849992,0.00498866213151927,-622.316942556527,-622.316942556527
0.623582766439909,114.208233931077,Czech,Prague,S2,Male,19,conv,-2335.00422849992,0.00498866213151927,-663.234573306164,-663.234573306164
0.628571428571429,113.550442907088,Czech,Prague,S2,Male,19,conv,-2345.00422849992,0.00498866213151927,-688.200816552478,-688.200816552478
0.633560090702948,113.550442907088,Czech,Prague,S2,Male,19,conv,-2345.00422849992,0.00498866213151927,-699.801414393474,-699.801414393474
0.638548752834467,113.550442907088,Czech,Prague,S2,Male,19,conv,-2345.00422849992,0.00498866213151927,-699.919146585421,-699.919146585421
0.643537414965986,113.550442907088,Czech,Prague,S2,Male,19,conv,-2345.00422849992,0.00498866213151927,-686.852853066071,-686.852853066071
0.648526077097506,112.896440480613,Czech,Prague,S2,Male,19,conv,-2355.00422849992,0.00498866213151927,-652.696510155775,-652.696510155775
0.653514739229025,112.896440480613,Czech,Prague,S2,Male,19,conv,-2355.00422849992,0.00498866213151927,-581.919303488057,-581.919303488057
0.658503401360544,112.896440480613,Czech,Prague,S2,Male,19,conv,-2355.00422849992,0.00498866213151927,-451.983173643877,-451.983173643877
0.663492063492063,112.246204830937,Czech,Prague,S2,Male,19,conv,-2365.00422849992,0.00498866213151927,-236.578504131738,-236.578504131738
0.668480725623583,110.956947206784,Czech,Prague,S2,Male,19,conv,-2385.00422849992,0.00498866213151927,88.3692532206338,-88.3692532206338
0.673469387755102,111.599714263022,Czech,Prague,S2,Male,19,conv,-2375.00422849992,0.00498866213151927,536.464011553451,-536.464011553451
0.678458049886621,111.599714263022,Czech,Prague,S2,Male,19,conv,-2375.00422849992,0.00498866213151927,1101.9294069871,-1101.9294069871
0.683446712018141,111.599714263022,Czech,Prague,S2,Male,19,conv,-2375.00422849992,0.00498866213151927,1752.70222178862,-1752.70222178862
0.68843537414966,111.599714263022,Czech,Prague,S2,Male,19,conv,-2375.00422849992,0.00498866213151927,2428.8429261361,-2428.8429261361
0.693424036281179,111.599714263022,Czech,Prague,S2,Male,19,conv,-2375.00422849992,0.00498866213151927,3048.94792349692,-3048.94792349692
0.698412698412698,112.246204830937,Czech,Prague,S2,Male,19,conv,-2365.00422849992,0.0598639455782314,3524.94395785888,-3524.94395785888
0.75827664399093,124.544962235882,Czech,Prague,S2,Male,19,conv,-2185.00422849992,0.00498866213151927,3782.21348880592,-3782.21348880592
0.763265306122449,125.266443862413,Czech,Prague,S2,Male,19,conv,-2175.00422849992,0.00498866213151927,3778.99623160202,-3778.99623160202
0.768253968253968,124.544962235882,Czech,Prague,S2,Male,19,conv,-2185.00422849992,0.00498866213151927,3518.23877429548,-3518.23877429548
0.773242630385488,125.266443862413,Czech,Prague,S2,Male,19,conv,-2175.00422849992,0.00498866213151927,3047.37039105845,-3047.37039105845
0.778231292517007,125.266443862413,Czech,Prague,S2,Male,19,conv,-2175.00422849992,0.00498866213151927,2446.00769201306,-2446.00769201306
0.783219954648526,125.266443862413,Czech,Prague,S2,Male,19,conv,-2175.00422849992,0.00498866213151927,1806.13054864878,-1806.13054864878
0.788208616780045,124.544962235882,Czech,Prague,S2,Male,19,conv,-2185.00422849992,0.00498866213151927,1211.60807100454,-1211.60807100454
0.793197278911565,124.544962235882,Czech,Prague,S2,Male,19,conv,-2185.00422849992,0.00498866213151927,723.191033835482,-723.191033835482
0.798185941043084,123.827636037744,Czech,Prague,S2,Male,19,conv,-2195.00422849992,0.00498866213151927,372.049577668875,-372.049577668875
0.803174603174603,123.827636037744,Czech,Prague,S2,Male,19,conv,-2195.00422849992,0.00498866213151927,161.43304355384,-161.43304355384
0.808163265306122,123.114441334492,Czech,Prague,S2,Male,19,conv,-2205.00422849992,0.00498866213151927,73.6611674616228,-73.6611674616228
0.813151927437642,123.827636037744,Czech,Prague,S2,Male,19,conv,-2195.00422849992,0.00498866213151927,79.0224337988384,-79.0224337988384
0.818140589569161,123.827636037744,Czech,Prague,S2,Male,19,conv,-2195.00422849992,0.00498866213151927,143.873355627462,-143.873355627462
0.82312925170068,123.827636037744,Czech,Prague,S2,Male,19,conv,-2195.00422849992,0.00498866213151927,236.498465056484,-236.498465056484
0.8281179138322,124.544962235882,Czech,Prague,S2,Male,19,conv,-2185.00422849992,0.00498866213151927,330.446275662275,-330.446275662275
0.833106575963719,124.544962235882,Czech,Prague,S2,Male,19,conv,-2185.00422849992,0.00498866213151927,405.810564715943,-405.810564715943
0.838095238095238,124.544962235882,Czech,Prague,S2,Male,19,conv,-2185.00422849992,0.00498866213151927,449.263154708143,-449.263154708143
0.843083900226757,125.266443862413,Czech,Prague,S2,Male,19,conv,-2175.00422849992,0.00498866213151927,453.64055794336,-453.64055794336
0.848072562358277,125.266443862413,Czech,Prague,S2,Male,19,conv,-2175.00422849992,0.00498866213151927,417.623294995746,-417.623294995746
0.853061224489796,125.992104989487,Czech,Prague,S2,Male,19,conv,-2165.00422849992,0.00498866213151927,345.627053979677,-345.627053979677
0.858049886621315,125.992104989487,Czech,Prague,S2,Male,19,conv,-2165.00422849992,0.00498866213151927,247.608951634351,-247.608951634351
0.863038548752834,125.992104989487,Czech,Prague,S2,Male,19,conv,-2165.00422849992,0.00498866213151927,138.266214427132,-138.266214427132
0.868027210884354,125.992104989487,Czech,Prague,S2,Male,19,conv,-2165.00422849992,0.00498866213151927,35.1937627378235,-35.1937627378235
0.873015873015873,125.266443862413,Czech,Prague,S2,Male,19,conv,-2175.00422849992,0.00498866213151927,-44.0430824999054,-44.0430824999054
0.878004535147392,125.266443862413,Czech,Prague,S2,Male,19,conv,-2175.00422849992,0.00498866213151927,-85.4361417529123,-85.4361417529123
0.882993197278912,124.544962235882,Czech,Prague,S2,Male,19,conv,-2185.00422849992,0.00498866213151927,-81.7515722731644,-81.7515722731644
0.887981859410431,124.544962235882,Czech,Prague,S2,Male,19,conv,-2185.00422849992,0.00498866213151927,-34.4158367372126,-34.4158367372126
0.89297052154195,124.544962235882,Czech,Prague,S2,Male,19,conv,-2185.00422849992,0.00498866213151927,46.6517573601791,-46.6517573601791
0.897959183673469,124.544962235882,Czech,Prague,S2,Male,19,conv,-2185.00422849992,0.00498866213151927,145.349793431822,-145.349793431822
0.902947845804989,124.544962235882,Czech,Prague,S2,Male,19,conv,-2185.00422849992,0.0897959183673469,243.202284347908,-243.202284347908
0.992743764172336,126.721969828706,Czech,Prague,S2,Male,19,conv,-2155.00422849992,0.00498866213151927,323.487633123226,-323.487633123226
0.997732426303855,125.992104989487,Czech,Prague,S2,Male,19,conv,-2165.00422849992,0.00498866213151927,374.443733953994,-374.443733953994
1.00272108843537,125.992104989487,Czech,Prague,S2,Male,19,conv,-2165.00422849992,0.00498866213151938,390.747059322874,-390.747059322874
1.00770975056689,125.992104989487,Czech,Prague,S2,Male,19,conv,-2165.00422849992,0.00498866213151916,373.2101463188,-373.2101463188
1.01269841269841,125.992104989487,Czech,Prague,S2,Male,19,conv,-2165.00422849992,0.00498866213151938,327.309840936963,-327.309840936963
1.01768707482993,126.721969828706,Czech,Prague,S2,Male,19,conv,-2155.00422849992,0.00498866213151916,261.414887035032,-261.414887035032
1.02267573696145,126.721969828706,Czech,Prague,S2,Male,19,conv,-2155.00422849992,0.00498866213151938,185.349073745667,-185.349073745667
1.02766439909297,126.721969828706,Czech,Prague,S2,Male,19,conv,-2155.00422849992,0.00498866213151916,109.429741752547,-109.429741752547
1.03265306122449,126.721969828706,Czech,Prague,S2,Male,19,conv,-2155.00422849992,0.00498866213151938,43.7166921700443,-43.7166921700443
1.03764172335601,125.992104989487,Czech,Prague,S2,Male,19,conv,-2165.00422849992,0.00498866213151916,-2.8718256713715,-2.8718256713715
1.04263038548753,125.992104989487,Czech,Prague,S2,Male,19,conv,-2165.00422849992,0.00498866213151938,-23.7002732206901,-23.7002732206901
1.04761904761905,125.992104989487,Czech,Prague,S2,Male,19,conv,-2165.00422849992,0.00498866213151916,-15.6454458455112,-15.6454458455112
1.05260770975057,125.992104989487,Czech,Prague,S2,Male,19,conv,-2165.00422849992,0.00498866213151938,19.9022559826982,-19.9022559826982
1.05759637188209,125.992104989487,Czech,Prague,S2,Male,19,conv,-2165.00422849992,0.00498866213151916,76.5315799321924,-76.5315799321924
1.06258503401361,125.992104989487,Czech,Prague,S2,Male,19,conv,-2165.00422849992,0.00498866213151938,142.920373416636,-142.920373416636
1.06757369614512,125.992104989487,Czech,Prague,S2,Male,19,conv,-2165.00422849992,0.00498866213151916,203.594346006289,-203.594346006289
1.07256235827664,125.992104989487,Czech,Prague,S2,Male,19,conv,-2165.00422849992,0.00498866213151938,240.376702652316,-240.376702652316
1.07755102040816,126.721969828706,Czech,Prague,S2,Male,19,conv,-2155.00422849992,0.00498866213151916,234.61513383293,-234.61513383293
1.08253968253968,127.456062731926,Czech,Prague,S2,Male,19,conv,-2145.00422849992,0.00498866213151938,170.227625928401,-170.227625928401
1.0875283446712,127.456062731926,Czech,Prague,S2,Male,19,conv,-2145.00422849992,0.00498866213151916,37.3802773670142,-37.3802773670142
1.09251700680272,127.456062731926,Czech,Prague,S2,Male,19,conv,-2145.00422849992,0.00498866213151938,-163.806659610239,-163.806659610239
1.09750566893424,127.456062731926,Czech,Prague,S2,Male,19,conv,-2145.00422849992,0.00498866213151916,-420.612009664741,-420.612009664741
1.10249433106576,127.456062731926,Czech,Prague,S2,Male,19,conv,-2145.00422849992,0.00498866213151938,-707.499639301226,-707.499639301226
1.10748299319728,128.194408192073,Czech,Prague,S2,Male,19,conv,-2135.00422849992,0.00498866213151916,-989.459064929673,-989.459064929673
1.1124716553288,128.194408192073,Czech,Prague,S2,Male,19,conv,-2135.00422849992,0.0498866213151927,-1229.02131076923,-1229.02131076923
1.16235827664399,122.405354330466,Czech,Prague,S2,Male,19,conv,-2215.00422849992,0.00498866213151938,-1395.50229910799,-1395.50229910799
1.16734693877551,121.700351367059,Czech,Prague,S2,Male,19,conv,-2225.00422849992,0.00498866213151916,-1473.56673431336,-1473.56673431336
1.17233560090703,122.405354330466,Czech,Prague,S2,Male,19,conv,-2215.00422849992,0.00498866213151938,-1467.75792728478,-1467.75792728478
1.17732426303855,121.700351367059,Czech,Prague,S2,Male,19,conv,-2225.00422849992,0.00498866213151916,-1400.75873274337,-1400.75873274337
1.18231292517007,122.405354330466,Czech,Prague,S2,Male,19,conv,-2215.00422849992,0.00498866213151938,-1305.55835346731,-1305.55835346731
1.18730158730159,123.114441334492,Czech,Prague,S2,Male,19,conv,-2205.00422849992,0.00498866213151938,-1214.29710502607,-1214.29710502607
1.19229024943311,122.405354330466,Czech,Prague,S2,Male,19,conv,-2215.00422849992,0.00498866213151916,-1148.01373349779,-1148.01373349779
1.19727891156463,122.405354330466,Czech,Prague,S2,Male,19,conv,-2215.00422849992,0.00498866213151938,-1111.06037555134,-1111.06037555134
1.20226757369615,121.700351367059,Czech,Prague,S2,Male,19,conv,-2225.00422849992,0.0848072562358275,-1091.83276210227,-1091.83276210227
1.28707482993197,120.302503608212,Czech,Prague,S2,Male,19,conv,-2245.00422849992,0.00498866213151938,-1068.78368236422,-1068.78368236422
1.29206349206349,119.60961217374,Czech,Prague,S2,Male,19,conv,-2255.00422849992,0.00498866213151916,-1018.73213369244,-1018.73213369244
1.29705215419501,118.920711500272,Czech,Prague,S2,Male,19,conv,-2265.00422849992,0.00498866213151938,-924.045740415157,-924.045740415157
1.30204081632653,118.920711500272,Czech,Prague,S2,Male,19,conv,-2265.00422849992,0.00498866213151916,-776.346614832779,-776.346614832779
1.30702947845805,118.920711500272,Czech,Prague,S2,Male,19,conv,-2265.00422849992,0.00498866213151938,-576.281534144726,-576.281534144726
1.31201814058957,118.920711500272,Czech,Prague,S2,Male,19,conv,-2265.00422849992,0.00498866213151916,-330.663922015042,-330.663922015042
1.31700680272109,118.920711500272,Czech,Prague,S2,Male,19,conv,-2265.00422849992,0.00498866213151938,-49.1877939232526,-49.1877939232526
1.32199546485261,118.920711500272,Czech,Prague,S2,Male,19,conv,-2265.00422849992,0.00498866213151916,257.349054531303,-257.349054531303
1.32698412698413,118.920711500272,Czech,Prague,S2,Male,19,conv,-2265.00422849992,0.00498866213151938,576.562374974959,-576.562374974959
1.33197278911565,119.60961217374,Czech,Prague,S2,Male,19,conv,-2255.00422849992,0.00498866213151916,892.494387701707,-892.494387701707
1.33696145124717,119.60961217374,Czech,Prague,S2,Male,19,conv,-2255.00422849992,0.00498866213151938,1183.96746984656,-1183.96746984656
1.34195011337868,119.60961217374,Czech,Prague,S2,Male,19,conv,-2255.00422849992,0.00498866213151916,1425.23010388039,-1425.23010388039
1.3469387755102,119.60961217374,Czech,Prague,S2,Male,19,conv,-2255.00422849992,0.0299319727891156,1589.83117655705,-1589.83117655705
1.37687074829932,125.266443862413,Czech,Prague,S2,Male,19,conv,-2175.00422849992,0.00498866213151938,1656.95205670459,-1656.95205670459
1.38185941043084,125.266443862413,Czech,Prague,S2,Male,19,conv,-2175.00422849992,0.00498866213151916,1617.89174042586,-1617.89174042586
1.38684807256236,125.266443862413,Czech,Prague,S2,Male,19,conv,-2175.00422849992,0.00498866213151938,1479.91324113602,-1479.91324113602
1.39183673469388,125.266443862413,Czech,Prague,S2,Male,19,conv,-2175.00422849992,0.00498866213151916,1265.57421196553,-1265.57421196553
1.3968253968254,124.544962235882,Czech,Prague,S2,Male,19,conv,-2185.00422849992,0.00498866213151938,1007.54318191393,-1007.54318191393
1.40181405895692,125.266443862413,Czech,Prague,S2,Male,19,conv,-2175.00422849992,0.00498866213151916,740.73704917484,-740.73704917484
1.40680272108844,125.266443862413,Czech,Prague,S2,Male,19,conv,-2175.00422849992,0.00498866213151938,494.45450375704,-494.45450375704
1.41179138321995,124.544962235882,Czech,Prague,S2,Male,19,conv,-2185.00422849992,0.00498866213151916,286.725117697658,-286.725117697658
1.41678004535147,125.266443862413,Czech,Prague,S2,Male,19,conv,-2175.00422849992,0.00498866213151938,121.829028022568,-121.829028022568
1.42176870748299,124.544962235882,Czech,Prague,S2,Male,19,conv,-2185.00422849992,0.00498866213151916,-9.26883487357651,-9.26883487357651
1.42675736961451,124.544962235882,Czech,Prague,S2,Male,19,conv,-2185.00422849992,0.00498866213151938,-126.360426486899,-126.360426486899
1.43174603174603,124.544962235882,Czech,Prague,S2,Male,19,conv,-2185.00422849992,0.00498866213151916,-255.952178946582,-255.952178946582
1.43673469387755,124.544962235882,Czech,Prague,S2,Male,19,conv,-2185.00422849992,0.00498866213151938,-426.042566584076,-426.042566584076
1.44172335600907,124.544962235882,Czech,Prague,S2,Male,19,conv,-2185.00422849992,0.00498866213151916,-660.054197013068,-660.054197013068
1.44671201814059,125.266443862413,Czech,Prague,S2,Male,19,conv,-2175.00422849992,0.00498866213151938,-970.798742331522,-970.798742331522
1.45170068027211,125.266443862413,Czech,Prague,S2,Male,19,conv,-2175.00422849992,0.00498866213151916,-1356.01869889837,-1356.01869889837
1.45668934240363,125.992104989487,Czech,Prague,S2,Male,19,conv,-2165.00422849992,0.00498866213151938,-1797.19079066971,-1797.19079066971
1.46167800453515,125.266443862413,Czech,Prague,S2,Male,19,conv,-2175.00422849992,0.00498866213151916,-2262.49504098622,-2262.49504098622
1.46666666666667,118.920711500272,Czech,Prague,S2,Male,19,conv,-2265.00422849992,0.00498866213151938,-2713.36848895425,-2713.36848895425
1.47165532879819,118.920711500272,Czech,Prague,S2,Male,19,conv,-2265.00422849992,0.00498866213151916,-3112.63132327137,-3112.63132327137
1.47664399092971,118.920711500272,Czech,Prague,S2,Male,19,conv,-2265.00422849992,0.00498866213151938,-3431.59611401046,-3431.59611401046
1.48163265306122,118.920711500272,Czech,Prague,S2,Male,19,conv,-2265.00422849992,0.0249433106575965,-3654.13149669765,-3654.13149669765
1.50657596371882,114.208233931077,Czech,Prague,S2,Male,19,conv,-2335.00422849992,0.00498866213151916,-3776.9445245451,-3776.9445245451
1.51156462585034,113.550442907088,Czech,Prague,S2,Male,19,conv,-2345.00422849992,0.00498866213151938,-3806.63050215203,-3806.63050215203
1.51655328798186,112.246204830937,Czech,Prague,S2,Male,19,conv,-2365.00422849992,0.00498866213151916,-3754.80087915401,-3754.80087915401
1.52154195011338,110.956947206784,Czech,Prague,S2,Male,19,conv,-2385.00422849992,0.00498866213151938,-3632.82518104538,-3632.82518104538
1.5265306122449,110.956947206784,Czech,Prague,S2,Male,19,conv,-2385.00422849992,0.00498866213151916,-3447.68290245653,-3447.68290245653
1.53151927437642,109.682497969463,Czech,Prague,S2,Male,19,conv,-2405.00422849992,0.00498866213151938,-3200.2490874297,-3200.2490874297
1.53650793650794,109.050773266526,Czech,Prague,S2,Male,19,conv,-2415.00422849992,0.00498866213151916,-2886.86130865435,-2886.86130865435
1.54149659863946,107.177346253629,Czech,Prague,S2,Male,19,conv,-2445.00422849992,0.00498866213151938,-2504.02815951374,-2504.02815951374
1.54648526077098,104.729412282063,Czech,Prague,S2,Male,19,conv,-2485.00422849992,0.00498866213151916,-2054.80111729191,-2054.80111729191
1.55147392290249,105.336103595484,Czech,Prague,S2,Male,19,conv,-2475.00422849992,0.00498866213151938,-1554.27345658756,-1554.27345658756
1.55646258503401,104.729412282063,Czech,Prague,S2,Male,19,conv,-2485.00422849992,0.00498866213151916,-1031.61130078303,-1031.61130078303
1.56145124716553,105.336103595484,Czech,Prague,S2,Male,19,conv,-2475.00422849992,0.00498866213151938,-527.212599886631,-527.212599886631
1.56643990929705,106.560050162848,Czech,Prague,S2,Male,19,conv,-2455.00422849992,0.00498866213151916,-85.5392303991872,-85.5392303991872
1.57142857142857,107.177346253629,Czech,Prague,S2,Male,19,conv,-2445.00422849992,0.00498866213151938,254.096392948006,-254.096392948006
1.57641723356009,107.798218304286,Czech,Prague,S2,Male,19,conv,-2435.00422849992,0.00498866213151916,465.834680935396,-465.834680935396
1.58140589569161,108.422687030142,Czech,Prague,S2,Male,19,conv,-2425.00422849992,0.00498866213151938,542.31589118471,-542.31589118471
1.58639455782313,108.422687030142,Czech,Prague,S2,Male,19,conv,-2425.00422849992,0.00498866213151916,495.542032440134,-495.542032440134
1.59138321995465,108.422687030142,Czech,Prague,S2,Male,19,conv,-2425.00422849992,0.00498866213151938,354.046735368657,-354.046735368657
1.59637188208617,109.050773266526,Czech,Prague,S2,Male,19,conv,-2415.00422849992,0.00498866213151916,157.670445556759,-157.670445556759
1.60136054421769,109.050773266526,Czech,Prague,S2,Male,19,conv,-2415.00422849992,0.00498866213151938,-48.7115206112367,-48.7115206112367
1.60634920634921,107.798218304286,Czech,Prague,S2,Male,19,conv,-2435.00422849992,0.00498866213151916,-221.563370494474,-221.563370494474
1.61133786848073,107.177346253629,Czech,Prague,S2,Male,19,conv,-2445.00422849992,0.00498866213151938,-324.633786506287,-324.633786506287
1.61632653061224,106.560050162848,Czech,Prague,S2,Male,19,conv,-2455.00422849992,0.00498866213151916,-334.07698676689,-334.07698676689
1.62131519274376,107.177346253629,Czech,Prague,S2,Male,19,conv,-2445.00422849992,0.00498866213151938,-242.215526030284,-242.215526030284
1.62630385487528,105.94630943593,Czech,Prague,S2,Male,19,conv,-2465.00422849992,0.00498866213151916,-59.208978573239,-59.208978573239
1.6312925170068,105.336103595484,Czech,Prague,S2,Male,19,conv,-2475.00422849992,0.00498866213151938,188.098364727166,-188.098364727166
1.63628117913832,105.94630943593,Czech,Prague,S2,Male,19,conv,-2465.00422849992,0.00498866213151916,460.480198922432,-460.480198922432
1.64126984126984,107.798218304286,Czech,Prague,S2,Male,19,conv,-2435.00422849992,0.00498866213151938,713.34498907307,-713.34498907307
1.64625850340136,107.798218304286,Czech,Prague,S2,Male,19,conv,-2435.00422849992,0.00498866213151916,905.138891954809,-905.138891954809
1.65124716553288,109.050773266526,Czech,Prague,S2,Male,19,conv,-2415.00422849992,0.00498866213151938,1005.18262292148,-1005.18262292148
1.6562358276644,110.317882216375,Czech,Prague,S2,Male,19,conv,-2395.00422849992,0.00498866213151916,998.993551234416,-998.993551234416
1.66122448979592,110.317882216375,Czech,Prague,S2,Male,19,conv,-2395.00422849992,0.00498866213151938,889.876630155581,-889.876630155581
1.66621315192744,110.317882216375,Czech,Prague,S2,Male,19,conv,-2395.00422849992,0.00498866213151916,696.757094217076,-696.757094217076
1.67120181405896,109.682497969463,Czech,Prague,S2,Male,19,conv,-2405.00422849992,0.00498866213151938,449.337734158596,-449.337734158596
1.67619047619048,110.317882216375,Czech,Prague,S2,Male,19,conv,-2395.00422849992,0.00498866213151916,182.199605481694,-182.199605481694
1.681179138322,110.317882216375,Czech,Prague,S2,Male,19,conv,-2395.00422849992,0.00498866213151938,-70.7247493835106,-70.7247493835106
1.68616780045351,109.682497969463,Czech,Prague,S2,Male,19,conv,-2405.00422849992,0.00498866213151916,-280.521197314562,-280.521197314562
1.69115646258503,109.682497969463,Czech,Prague,S2,Male,19,conv,-2405.00422849992,0.00498866213151938,-426.34030911955,-426.34030911955
1.69614512471655,107.798218304286,Czech,Prague,S2,Male,19,conv,-2435.00422849992,0.00498866213151916,-497.196172204223,-497.196172204223
1.70113378684807,107.798218304286,Czech,Prague,S2,Male,19,conv,-2435.00422849992,0.00498866213151938,-492.471264587667,-492.471264587667
1.70612244897959,108.422687030142,Czech,Prague,S2,Male,19,conv,-2425.00422849992,0.00498866213151916,-420.904314851694,-420.904314851694
1.71111111111111,107.798218304286,Czech,Prague,S2,Male,19,conv,-2435.00422849992,0.00498866213151938,-297.944463514588,-297.944463514588
1.71609977324263,107.798218304286,Czech,Prague,S2,Male,19,conv,-2435.00422849992,0.00498866213151916,-141.833330390615,-141.833330390615
1.72108843537415,107.798218304286,Czech,Prague,S2,Male,19,conv,-2435.00422849992,0.00498866213151938,30.6102446002971,-30.6102446002971
1.72607709750567,109.050773266526,Czech,Prague,S2,Male,19,conv,-2415.00422849992,0.00498866213151916,207.187873301661,-207.187873301661
1.73106575963719,109.050773266526,Czech,Prague,S2,Male,19,conv,-2415.00422849992,0.00498866213151938,381.427340630556,-381.427340630556
1.73605442176871,109.050773266526,Czech,Prague,S2,Male,19,conv,-2415.00422849992,0.0997732426303855,551.336790259547,-551.336790259547
1.83582766439909,107.798218304286,Czech,Prague,S2,Male,19,conv,-2435.00422849992,0.00498866213151938,716.584302152812,-716.584302152812
1.84081632653061,107.798218304286,Czech,Prague,S2,Male,19,conv,-2435.00422849992,0.00498866213151916,875.607625160445,-875.607625160445
1.84580498866213,111.599714263022,Czech,Prague,S2,Male,19,conv,-2375.00422849992,0.00498866213151938,1024.16523838022,-1024.16523838022
1.85079365079365,108.422687030142,Czech,Prague,S2,Male,19,conv,-2425.00422849992,0.00498866213151916,1156.07971423241,-1156.07971423241
1.85578231292517,110.956947206784,Czech,Prague,S2,Male,19,conv,-2385.00422849992,0.00498866213151938,1265.77609624108,-1265.77609624108
1.86077097505669,111.599714263022,Czech,Prague,S2,Male,19,conv,-2375.00422849992,0.00498866213151916,1351.28289049118,-1351.28289049118
1.86575963718821,112.246204830937,Czech,Prague,S2,Male,19,conv,-2365.00422849992,0.00498866213151938,1416.12563350046,-1416.12563350046
1.87074829931973,112.246204830937,Czech,Prague,S2,Male,19,conv,-2365.00422849992,0.00498866213151916,1469.09694575327,-1469.09694575327
1.87573696145125,112.246204830937,Czech,Prague,S2,Male,19,conv,-2365.00422849992,0.00498866213151938,1521.90402476557,-1521.90402476557
1.88072562358277,112.246204830937,Czech,Prague,S2,Male,19,conv,-2365.00422849992,0.00498866213151916,1585.63486771229,-1585.63486771229
1.88571428571429,113.550442907088,Czech,Prague,S2,Male,19,conv,-2345.00422849992,0.00498866213151938,1667.41108954944,-1667.41108954944
1.89070294784581,114.208233931077,Czech,Prague,S2,Male,19,conv,-2335.00422849992,0.00498866213151916,1768.38807862162,-1768.38807862162
1.89569160997732,114.208233931077,Czech,Prague,S2,Male,19,conv,-2335.00422849992,0.00498866213151938,1883.62409397736,-1883.62409397736
1.90068027210884,114.869835499704,Czech,Prague,S2,Male,19,conv,-2325.00422849992,0.00498866213151916,2003.61677754147,-2003.61677754147
1.90566893424036,116.204558695784,Czech,Prague,S2,Male,19,conv,-2305.00422849992,0.00498866213151938,2116.78314818332,-2116.78314818332
1.91065759637188,116.877724856125,Czech,Prague,S2,Male,19,conv,-2295.00422849992,0.00498866213151916,2211.95771580477,-2211.95771580477
1.9156462585034,118.235778602715,Czech,Prague,S2,Male,19,conv,-2275.00422849992,0.00498866213151938,2280.08748423047,-2280.08748423047
1.92063492063492,118.920711500272,Czech,Prague,S2,Male,19,conv,-2265.00422849992,0.00498866213151916,2314.6502558002,-2314.6502558002
1.92562358276644,119.60961217374,Czech,Prague,S2,Male,19,conv,-2255.00422849992,0.00498866213151938,2310.82766215511,-2310.82766215511
1.93061224489796,120.999408921929,Czech,Prague,S2,Male,19,conv,-2235.00422849992,0.00498866213151916,2263.99276602084,-2263.99276602084
1.93560090702948,119.60961217374,Czech,Prague,S2,Male,19,conv,-2255.00422849992,0.0299319727891156,2168.42010007971,-2168.42010007971
1.96553287981859,123.114441334492,Czech,Prague,S2,Male,19,conv,-2205.00422849992,0.00498866213151938,2017.09318442605,-2017.09318442605
1.97052154195011,123.114441334492,Czech,Prague,S2,Male,19,conv,-2205.00422849992,0.00498866213151916,1803.00676685415,-1803.00676685415
1.97551020408163,123.827636037744,Czech,Prague,S2,Male,19,conv,-2195.00422849992,0.00498866213151938,1521.59888474241,-1521.59888474241
1.98049886621315,124.544962235882,Czech,Prague,S2,Male,19,conv,-2185.00422849992,0.00498866213151916,1173.24324370831,-1173.24324370831
1.98548752834467,125.266443862413,Czech,Prague,S2,Male,19,conv,-2175.00422849992,0.00498866213151938,764.452020838586,-764.452020838586
1.99047619047619,125.266443862413,Czech,Prague,S2,Male,19,conv,-2175.00422849992,0.00498866213151916,306.79967121456,-306.79967121456
1.99546485260771,125.266443862413,Czech,Prague,S2,Male,19,conv,-2175.00422849992,0.00498866213151916,-186.464740506691,-186.464740506691
2.00045351473923,123.827636037744,Czech,Prague,S2,Male,19,conv,-2195.00422849992,0.00498866213151938,-704.90905935767,-704.90905935767
2.00544217687075,123.114441334492,Czech,Prague,S2,Male,19,conv,-2205.00422849992,0.00498866213151938,-1244.30019170819,-1244.30019170819
2.01043083900227,122.405354330466,Czech,Prague,S2,Male,19,conv,-2215.00422849992,0.00498866213151938,-1806.47028130645,-1806.47028130645
2.01541950113379,121.700351367059,Czech,Prague,S2,Male,19,conv,-2225.00422849992,0.00498866213151894,-2394.28357848701,-2394.28357848701
2.02040816326531,121.700351367059,Czech,Prague,S2,Male,19,conv,-2225.00422849992,0.00498866213151938,-3002.50553286939,-3002.50553286939
2.02539682539683,120.302503608212,Czech,Prague,S2,Male,19,conv,-2245.00422849992,0.00498866213151938,-3608.00366533538,-3608.00366533538
2.03038548752834,119.60961217374,Czech,Prague,S2,Male,19,conv,-2255.00422849992,0.00498866213151938,-4164.4877877212,-4164.4877877212
2.03537414965986,118.920711500272,Czech,Prague,S2,Male,19,conv,-2265.00422849992,0.00498866213151894,-4606.58710046333,-4606.58710046333
2.04036281179138,118.920711500272,Czech,Prague,S2,Male,19,conv,-2265.00422849992,0.0149659863945582,-4864.90458449267,-4864.90458449267
2.05532879818594,105.336103595484,Czech,Prague,S2,Male,19,conv,-2475.00422849992,0.00498866213151894,-4888.67121402151,-4888.67121402151
2.06031746031746,104.729412282063,Czech,Prague,S2,Male,19,conv,-2485.00422849992,0.00498866213151938,-4668.00367224874,-4668.00367224874
2.06530612244898,104.729412282063,Czech,Prague,S2,Male,19,conv,-2485.00422849992,0.00498866213151938,-4246.15632537745,-4246.15632537745
2.0702947845805,104.729412282063,Czech,Prague,S2,Male,19,conv,-2485.00422849992,0.00498866213151938,-3714.97492017588,-3714.97492017588
2.07528344671202,105.336103595484,Czech,Prague,S2,Male,19,conv,-2475.00422849992,0.00498866213151894,-3193.17922559147,-3193.17922559147
2.08027210884354,107.177346253629,Czech,Prague,S2,Male,19,conv,-2445.00422849992,0.00498866213151938,-2794.25388562979,-2794.25388562979
2.08526077097506,107.177346253629,Czech,Prague,S2,Male,19,conv,-2445.00422849992,0.00498866213151938,-2595.17367049823,-2595.17367049823
2.09024943310658,109.050773266526,Czech,Prague,S2,Male,19,conv,-2415.00422849992,0.00498866213151938,-2616.80519953587,-2616.80519953587
2.0952380952381,109.682497969463,Czech,Prague,S2,Male,19,conv,-2405.00422849992,0.184580498866213,-2821.92273013351,-2821.92273013351
2.27981859410431,101.161944030192,Czech,Prague,S2,Male,19,conv,-2545.00422849992,0.00498866213151894,-3129.84049705325,-3129.84049705325
2.28480725623583,101.161944030192,Czech,Prague,S2,Male,19,conv,-2545.00422849992,0.00498866213151938,-3440.94973024576,-3440.94973024576
2.28979591836735,100.579294106785,Czech,Prague,S2,Male,19,conv,-2555.00422849992,0.00498866213151938,-3662.25502628994,-3662.25502628994
2.29478458049887,99.4240423817547,Czech,Prague,S2,Male,19,conv,-2575.00422849992,0.00498866213151938,-3726.62827303401,-3726.62827303401
2.29977324263039,98.8514020352896,Czech,Prague,S2,Male,19,conv,-2585.00422849992,0.194557823129252,-3602.36442571705,-3602.36442571705
2.49433106575964,94.3874312681694,Czech,Prague,S2,Male,19,conv,-2665.00422849992,0.00498866213151938,-3293.43183459663,-3293.43183459663
2.49931972789116,94.3874312681694,Czech,Prague,S2,Male,19,conv,-2665.00422849992,0.00498866213151938,-2832.94004995766,-2832.94004995766
2.50430839002268,94.3874312681694,Czech,Prague,S2,Male,19,conv,-2665.00422849992,0.00498866213151894,-2272.62036939747,-2272.62036939747
2.50929705215419,94.3874312681694,Czech,Prague,S2,Male,19,conv,-2665.00422849992,0.00498866213151938,-1670.50278108107,-1670.50278108107
2.51428571428571,94.9342120950519,Czech,Prague,S2,Male,19,conv,-2655.00422849992,0.00498866213151938,-1078.60514645464,-1078.60514645464
2.51927437641723,94.9342120950519,Czech,Prague,S2,Male,19,conv,-2655.00422849992,0.00498866213151938,-532.710291542834,-532.710291542834
2.52426303854875,96.0372945051004,Czech,Prague,S2,Male,19,conv,-2635.00422849992,0.00498866213151894,-46.6543280496418,-46.6543280496418
2.52925170068027,96.5936328924845,Czech,Prague,S2,Male,19,conv,-2625.00422849992,0.00498866213151938,386.906650400331,-386.906650400331
2.53424036281179,96.0372945051004,Czech,Prague,S2,Male,19,conv,-2635.00422849992,0.0149659863945577,788.996058989665,-788.996058989665
2.54920634920635,95.4841603910417,Czech,Prague,S2,Male,19,conv,-2645.00422849992,0.00498866213151938,1182.34633632571,-1182.34633632571
2.55419501133787,94.9342120950519,Czech,Prague,S2,Male,19,conv,-2655.00422849992,0.00498866213151938,1579.35933266395,-1579.35933266395
2.55918367346939,95.4841603910417,Czech,Prague,S2,Male,19,conv,-2645.00422849992,0.00498866213151938,1974.87441790359,-1974.87441790359
2.56417233560091,95.4841603910417,Czech,Prague,S2,Male,19,conv,-2645.00422849992,0.00498866213151894,2346.84991360991,-2346.84991360991
2.56916099773243,100,Czech,Prague,S2,Male,19,conv,-2565.00422849992,0.00498866213151938,2664.62669986095,-2664.62669986095
2.57414965986395,101.747969210269,Czech,Prague,S2,Male,19,conv,-2535.00422849992,0.00498866213151938,2900.93325017213,-2900.93325017213
2.57913832199546,101.747969210269,Czech,Prague,S2,Male,19,conv,-2535.00422849992,0.00498866213151938,3042.02523876987,-3042.02523876987
2.58412698412698,103.526492384138,Czech,Prague,S2,Male,19,conv,-2505.00422849992,0.00498866213151894,3091.33241343282,-3091.33241343282
2.5891156462585,102.930223664349,Czech,Prague,S2,Male,19,conv,-2515.00422849992,0.00498866213151938,3065.2634718308,-3065.2634718308
2.59410430839002,102.337389199677,Czech,Prague,S2,Male,19,conv,-2525.00422849992,0.00498866213151938,2983.69007466846,-2983.69007466846
2.59909297052154,104.729412282063,Czech,Prague,S2,Male,19,conv,-2485.00422849992,0.00498866213151938,2860.09161780382,-2860.09161780382
2.60408163265306,105.336103595484,Czech,Prague,S2,Male,19,conv,-2475.00422849992,0.00498866213151894,2696.21475835202,-2696.21475835202
2.60907029478458,105.94630943593,Czech,Prague,S2,Male,19,conv,-2465.00422849992,0.0249433106575965,2483.62164996601,-2483.62164996601
2.63401360544218,108.422687030142,Czech,Prague,S2,Male,19,conv,-2425.00422849992,0.00498866213151938,2211.06504507775,-2211.06504507775
2.6390022675737,109.050773266526,Czech,Prague,S2,Male,19,conv,-2415.00422849992,0.00498866213151938,1873.95364872547,-1873.95364872547
2.64399092970522,108.422687030142,Czech,Prague,S2,Male,19,conv,-2425.00422849992,0.00498866213151894,1481.41886630491,-1481.41886630491
2.64897959183673,112.896440480613,Czech,Prague,S2,Male,19,conv,-2355.00422849992,0.00498866213151938,1057.81087958697,-1057.81087958697
2.65396825396825,107.798218304286,Czech,Prague,S2,Male,19,conv,-2435.00422849992,0.00498866213151938,638.054305871178,-638.054305871178
2.65895691609977,107.798218304286,Czech,Prague,S2,Male,19,conv,-2435.00422849992,0.00498866213151938,258.923177755401,-258.923177755401
2.66394557823129,107.798218304286,Czech,Prague,S2,Male,19,conv,-2435.00422849992,0.00498866213151894,-50.1929203387833,-50.1929203387833
2.66893424036281,107.798218304286,Czech,Prague,S2,Male,19,conv,-2435.00422849992,0.00498866213151938,-273.612123781389,-273.612123781389
2.67392290249433,107.798218304286,Czech,Prague,S2,Male,19,conv,-2435.00422849992,0.00498866213151938,-410.92329687219,-410.92329687219
2.67891156462585,107.177346253629,Czech,Prague,S2,Male,19,conv,-2445.00422849992,0.00498866213151938,-474.057113006183,-474.057113006183
2.68390022675737,107.177346253629,Czech,Prague,S2,Male,19,conv,-2445.00422849992,0.00498866213151938,-481.784281003572,-481.784281003572
2.68888888888889,107.177346253629,Czech,Prague,S2,Male,19,conv,-2445.00422849992,0.00498866213151894,-454.095363143536,-454.095363143536
2.69387755102041,107.177346253629,Czech,Prague,S2,Male,19,conv,-2445.00422849992,0.00498866213151938,-408.322095335772,-408.322095335772
2.69886621315193,107.177346253629,Czech,Prague,S2,Male,19,conv,-2445.00422849992,0.00498866213151938,-357.64746058398,-357.64746058398
2.70385487528345,106.560050162848,Czech,Prague,S2,Male,19,conv,-2455.00422849992,0.00498866213151938,-311.498389447881,-311.498389447881
2.70884353741497,106.560050162848,Czech,Prague,S2,Male,19,conv,-2455.00422849992,0.00498866213151894,-276.705284163851,-276.705284163851
2.71383219954649,106.560050162848,Czech,Prague,S2,Male,19,conv,-2455.00422849992,0.00498866213151938,-258.367019731485,-258.367019731485
2.718820861678,107.177346253629,Czech,Prague,S2,Male,19,conv,-2445.00422849992,0.00498866213151938,-259.879759155582,-259.879759155582
2.72380952380952,107.177346253629,Czech,Prague,S2,Male,19,conv,-2445.00422849992,0.00498866213151938,-282.227803221291,-282.227803221291
2.72879818594104,106.560050162848,Czech,Prague,S2,Male,19,conv,-2455.00422849992,0.00498866213151894,-323.088945415129,-323.088945415129
2.73378684807256,106.560050162848,Czech,Prague,S2,Male,19,conv,-2455.00422849992,0.00498866213151938,-376.42865820144,-376.42865820144
2.73877551020408,106.560050162848,Czech,Prague,S2,Male,19,conv,-2455.00422849992,0.00498866213151938,-433.07024613974,-433.07024613974
2.7437641723356,106.560050162848,Czech,Prague,S2,Male,19,conv,-2455.00422849992,0.00498866213151938,-482.356592456287,-482.356592456287
2.74875283446712,105.94630943593,Czech,Prague,S2,Male,19,conv,-2465.00422849992,0.00498866213151894,-514.600096127603,-514.600096127603
2.75374149659864,105.94630943593,Czech,Prague,S2,Male,19,conv,-2465.00422849992,0.00498866213151938,-523.662772290705,-523.662772290705
2.75873015873016,104.729412282063,Czech,Prague,S2,Male,19,conv,-2485.00422849992,0.00498866213151938,-508.823967259309,-508.823967259309
2.76371882086168,104.729412282063,Czech,Prague,S2,Male,19,conv,-2485.00422849992,0.00498866213151938,-475.185260464235,-475.185260464235
2.7687074829932,105.336103595484,Czech,Prague,S2,Male,19,conv,-2475.00422849992,0.00498866213151894,-432.280667757233,-432.280667757233
2.77369614512472,105.336103595484,Czech,Prague,S2,Male,19,conv,-2475.00422849992,0.00498866213151938,-391.20924894468,-391.20924894468
2.77868480725624,105.336103595484,Czech,Prague,S2,Male,19,conv,-2475.00422849992,0.00498866213151938,-361.224202086171,-361.224202086171
2.78367346938776,105.336103595484,Czech,Prague,S2,Male,19,conv,-2475.00422849992,0.00498866213151938,-346.985182079293,-346.985182079293
2.78866213151927,105.336103595484,Czech,Prague,S2,Male,19,conv,-2475.00422849992,0.00498866213151894,-347.439365088931,-347.439365088931
2.79365079365079,104.729412282063,Czech,Prague,S2,Male,19,conv,-2485.00422849992,0.00498866213151938,-356.64097772195,-356.64097772195
2.79863945578231,104.729412282063,Czech,Prague,S2,Male,19,conv,-2485.00422849992,0.00498866213151938,-366.064465599698,-366.064465599698
2.80362811791383,104.729412282063,Czech,Prague,S2,Male,19,conv,-2485.00422849992,0.00498866213151938,-367.462678765453,-367.462678765453
2.80861678004535,104.126215253481,Czech,Prague,S2,Male,19,conv,-2495.00422849992,0.00498866213151894,-355.254178430922,-355.254178430922
2.81360544217687,104.126215253481,Czech,Prague,S2,Male,19,conv,-2495.00422849992,0.00498866213151938,-327.749581799053,-327.749581799053
2.81859410430839,104.126215253481,Czech,Prague,S2,Male,19,conv,-2495.00422849992,0.00498866213151938,-287.040547773319,-287.040547773319
2.82358276643991,104.126215253481,Czech,Prague,S2,Male,19,conv,-2495.00422849992,0.00498866213151938,-237.844217425035,-237.844217425035
2.82857142857143,104.126215253481,Czech,Prague,S2,Male,19,conv,-2495.00422849992,0.00498866213151894,-185.866599176588,-185.866599176588
2.83356009070295,104.126215253481,Czech,Prague,S2,Male,19,conv,-2495.00422849992,0.00498866213151938,-136.27890687279,-136.27890687279
2.83854875283447,104.126215253481,Czech,Prague,S2,Male,19,conv,-2495.00422849992,0.00498866213151938,-92.7402314403617,-92.7402314403617
2.84353741496599,104.126215253481,Czech,Prague,S2,Male,19,conv,-2495.00422849992,0.00498866213151938,-57.1420016870215,-57.1420016870215
2.84852607709751,104.126215253481,Czech,Prague,S2,Male,19,conv,-2495.00422849992,0.00498866213151894,-29.9908095597628,-29.9908095597628
2.85351473922902,104.126215253481,Czech,Prague,S2,Male,19,conv,-2495.00422849992,0.00498866213151938,-11.1566548596195,-11.1566548596195
2.85850340136054,104.126215253481,Czech,Prague,S2,Male,19,conv,-2495.00422849992,0.00498866213151938,-0.627899365733724,-0.627899365733724
2.86349206349206,104.126215253481,Czech,Prague,S2,Male,19,conv,-2495.00422849992,0.00498866213151938,1.06144989459581,-1.06144989459581
2.86848072562358,104.126215253481,Czech,Prague,S2,Male,19,conv,-2495.00422849992,0.00498866213151894,-7.05828721474413,-7.05828721474413
2.8734693877551,104.126215253481,Czech,Prague,S2,Male,19,conv,-2495.00422849992,0.00498866213151938,-25.737838465241,-25.737838465241
2.87845804988662,104.126215253481,Czech,Prague,S2,Male,19,conv,-2495.00422849992,0.00498866213151938,-54.5343798388697,-54.5343798388697
2.88344671201814,104.729412282063,Czech,Prague,S2,Male,19,conv,-2485.00422849992,0.00498866213151938,-90.9240281033843,-90.9240281033843
2.88843537414966,104.126215253481,Czech,Prague,S2,Male,19,conv,-2495.00422849992,0.00498866213151894,-129.950523785471,-129.950523785471
2.89342403628118,104.126215253481,Czech,Prague,S2,Male,19,conv,-2495.00422849992,0.00498866213151938,-164.70878418463,-164.70878418463
2.8984126984127,104.126215253481,Czech,Prague,S2,Male,19,conv,-2495.00422849992,0.00498866213151938,-187.65423485058,-187.65423485058
2.90340136054422,103.526492384138,Czech,Prague,S2,Male,19,conv,-2505.00422849992,0.00498866213151938,-192.388260046,-192.388260046
2.90839002267574,103.526492384138,Czech,Prague,S2,Male,19,conv,-2505.00422849992,0.00498866213151894,-175.352477017456,-175.352477017456
2.91337868480726,103.526492384138,Czech,Prague,S2,Male,19,conv,-2505.00422849992,0.00498866213151938,-136.869049802709,-136.869049802709
2.91836734693878,103.526492384138,Czech,Prague,S2,Male,19,conv,-2505.00422849992,0.00498866213151938,-81.1802549944302,-81.1802549944302
2.92335600907029,103.526492384138,Czech,Prague,S2,Male,19,conv,-2505.00422849992,0.00498866213151938,-15.4638545665383,-15.4638545665383
2.92834467120181,103.526492384138,Czech,Prague,S2,Male,19,conv,-2505.00422849992,0.00498866213151894,51.8963977592805,-51.8963977592805
2.93333333333333,103.526492384138,Czech,Prague,S2,Male,19,conv,-2505.00422849992,0.00498866213151938,113.3094792338,-113.3094792338
2.93832199546485,104.126215253481,Czech,Prague,S2,Male,19,conv,-2495.00422849992,0.00498866213151938,163.706996863022,-163.706996863022
2.94331065759637,104.126215253481,Czech,Prague,S2,Male,19,conv,-2495.00422849992,0.00498866213151938,201.532276475553,-201.532276475553
2.94829931972789,104.126215253481,Czech,Prague,S2,Male,19,conv,-2495.00422849992,0.00498866213151894,228.700726209192,-228.700726209192
2.95328798185941,104.126215253481,Czech,Prague,S2,Male,19,conv,-2495.00422849992,0.00498866213151938,249.524398657415,-249.524398657415
2.95827664399093,104.126215253481,Czech,Prague,S2,Male,19,conv,-2495.00422849992,0.00498866213151938,268.912273789758,-268.912273789758
2.96326530612245,104.126215253481,Czech,Prague,S2,Male,19,conv,-2495.00422849992,0.00498866213151938,290.410923040274,-290.410923040274
2.96825396825397,104.126215253481,Czech,Prague,S2,Male,19,conv,-2495.00422849992,0.00498866213151938,314.728411878143,-314.728411878143
2.97324263038549,104.126215253481,Czech,Prague,S2,Male,19,conv,-2495.00422849992,0.00498866213151894,339.236197724123,-339.236197724123
2.97823129251701,104.729412282063,Czech,Prague,S2,Male,19,conv,-2485.00422849992,0.00498866213151938,358.616082301221,-358.616082301221
2.98321995464853,104.729412282063,Czech,Prague,S2,Male,19,conv,-2485.00422849992,0.00498866213151938,366.439674059684,-366.439674059684
2.98820861678005,104.729412282063,Czech,Prague,S2,Male,19,conv,-2485.00422849992,0.00498866213151938,357.178822305075,-357.178822305075
2.99319727891156,105.336103595484,Czech,Prague,S2,Male,19,conv,-2475.00422849992,0.00498866213151894,328.038036429142,-328.038036429142
2.99818594104308,105.336103595484,Czech,Prague,S2,Male,19,conv,-2475.00422849992,0.00498866213151938,280.082362050641,-280.082362050641
3.0031746031746,105.336103595484,Czech,Prague,S2,Male,19,conv,-2475.00422849992,0.00498866213151938,218.351821878442,-218.351821878442
3.00816326530612,105.336103595484,Czech,Prague,S2,Male,19,conv,-2475.00422849992,0.00498866213151938,150.927524989484,-150.927524989484
3.01315192743764,105.336103595484,Czech,Prague,S2,Male,19,conv,-2475.00422849992,0.00498866213151894,87.175022226134,-87.175022226134
3.01814058956916,105.336103595484,Czech,Prague,S2,Male,19,conv,-2475.00422849992,0.00498866213151938,35.585672572581,-35.585672572581
3.02312925170068,104.729412282063,Czech,Prague,S2,Male,19,conv,-2485.00422849992,0.00498866213151938,1.73071310334924,-1.73071310334924
3.0281179138322,104.729412282063,Czech,Prague,S2,Male,19,conv,-2485.00422849992,0.00498866213151938,-13.1846441917482,-13.1846441917482
3.03310657596372,105.336103595484,Czech,Prague,S2,Male,19,conv,-2475.00422849992,0.00498866213151894,-12.8222936112113,-12.8222936112113
3.03809523809524,104.729412282063,Czech,Prague,S2,Male,19,conv,-2485.00422849992,0.00498866213151938,-5.14225097146361,-5.14225097146361
3.04308390022676,104.729412282063,Czech,Prague,S2,Male,19,conv,-2485.00422849992,0.00498866213151938,-0.872997919019137,-0.872997919019137
3.04807256235828,105.336103595484,Czech,Prague,S2,Male,19,conv,-2475.00422849992,0.00498866213151938,-11.3209849078229,-11.3209849078229
3.0530612244898,105.336103595484,Czech,Prague,S2,Male,19,conv,-2475.00422849992,0.00498866213151894,-45.9348695763415,-45.9348695763415
3.05804988662132,105.336103595484,Czech,Prague,S2,Male,19,conv,-2475.00422849992,0.00498866213151938,-110.085091880683,-110.085091880683
3.06303854875283,105.336103595484,Czech,Prague,S2,Male,19,conv,-2475.00422849992,0.00498866213151938,-203.512588311441,-203.512588311441
3.06802721088435,105.336103595484,Czech,Prague,S2,Male,19,conv,-2475.00422849992,0.00498866213151938,-319.84283141975,-319.84283141975
3.07301587301587,105.336103595484,Czech,Prague,S2,Male,19,conv,-2475.00422849992,0.00498866213151894,-447.422177213627,-447.422177213627
3.07800453514739,105.336103595484,Czech,Prague,S2,Male,19,conv,-2475.00422849992,0.00498866213151938,-571.474771225463,-571.474771225463
3.08299319727891,104.126215253481,Czech,Prague,S2,Male,19,conv,-2495.00422849992,0.00498866213151938,-677.212127777819,-677.212127777819
3.08798185941043,104.126215253481,Czech,Prague,S2,Male,19,conv,-2495.00422849992,0.00498866213151938,-753.158839825883,-753.158839825883
3.09297052154195,102.930223664349,Czech,Prague,S2,Male,19,conv,-2515.00422849992,0.00498866213151894,-793.764022073331,-793.764022073331
3.09795918367347,103.526492384138,Czech,Prague,S2,Male,19,conv,-2505.00422849992,0.00498866213151938,-800.499486372214,-800.499486372214
3.10294784580499,102.930223664349,Czech,Prague,S2,Male,19,conv,-2515.00422849992,0.00498866213151938,-781.109874843897,-781.109874843897
3.10793650793651,102.930223664349,Czech,Prague,S2,Male,19,conv,-2515.00422849992,0.00498866213151938,-747.299436909325,-747.299436909325
3.11292517006803,102.930223664349,Czech,Prague,S2,Male,19,conv,-2515.00422849992,0.00498866213151894,-711.637239038818,-711.637239038818
3.11791383219955,102.930223664349,Czech,Prague,S2,Male,19,conv,-2515.00422849992,0.00498866213151938,-684.624412615167,-684.624412615167
3.12290249433107,102.337389199677,Czech,Prague,S2,Male,19,conv,-2525.00422849992,0.00498866213151938,-672.670506883057,-672.670506883057
3.12789115646259,102.337389199677,Czech,Prague,S2,Male,19,conv,-2525.00422849992,0.00498866213151938,-677.329672178835,-677.329672178835
3.1328798185941,102.337389199677,Czech,Prague,S2,Male,19,conv,-2525.00422849992,0.00498866213151894,-695.762816500463,-695.762816500463
3.13786848072562,102.337389199677,Czech,Prague,S2,Male,19,conv,-2525.00422849992,0.0199546485260771,-722.141405386441,-722.141405386441
3.1578231292517,101.747969210269,Czech,Prague,S2,Male,19,conv,-2535.00422849992,0.00498866213151938,-749.582561358688,-749.582561358688
3.16281179138322,101.161944030192,Czech,Prague,S2,Male,19,conv,-2545.00422849992,0.00498866213151938,-772.136710821519,-772.136710821519
3.16780045351474,101.161944030192,Czech,Prague,S2,Male,19,conv,-2545.00422849992,0.00498866213151938,-786.319932094735,-786.319932094735
3.17278911564626,100.579294106785,Czech,Prague,S2,Male,19,conv,-2555.00422849992,0.00498866213151894,-791.755487316184,-791.755487316184
3.17777777777778,100.579294106785,Czech,Prague,S2,Male,19,conv,-2555.00422849992,0.00498866213151938,-790.730898481749,-790.730898481749
3.1827664399093,100.579294106785,Czech,Prague,S2,Male,19,conv,-2555.00422849992,0.00498866213151938,-786.857013880093,-786.857013880093
3.18775510204082,100.579294106785,Czech,Prague,S2,Male,19,conv,-2555.00422849992,0.00498866213151938,-783.373914476181,-783.373914476181
3.19274376417234,100,Czech,Prague,S2,Male,19,conv,-2565.00422849992,0.00498866213151894,-781.785193159303,-781.785193159303
3.19773242630385,100,Czech,Prague,S2,Male,19,conv,-2565.00422849992,0.00498866213151938,-781.319572305496,-781.319572305496
3.20272108843537,99.4240423817547,Czech,Prague,S2,Male,19,conv,-2575.00422849992,0.00498866213151938,-779.30505494249,-779.30505494249
3.20770975056689,99.4240423817547,Czech,Prague,S2,Male,19,conv,-2575.00422849992,0.00498866213151938,-772.123511298061,-772.123511298061
3.21269841269841,98.8514020352896,Czech,Prague,S2,Male,19,conv,-2585.00422849992,0.00498866213151894,-756.218046159389,-756.218046159389
3.21768707482993,98.8514020352896,Czech,Prague,S2,Male,19,conv,-2585.00422849992,0.00498866213151938,-728.736717566913,-728.736717566913
3.22267573696145,98.8514020352896,Czech,Prague,S2,Male,19,conv,-2585.00422849992,0.00498866213151938,-687.71547360558,-687.71547360558
3.22766439909297,98.2820598545251,Czech,Prague,S2,Male,19,conv,-2595.00422849992,0.00498866213151938,-632.01913630881,-632.01913630881
3.23265306122449,98.2820598545251,Czech,Prague,S2,Male,19,conv,-2595.00422849992,0.00498866213151894,-561.38048366447,-561.38048366447
3.23764172335601,98.2820598545251,Czech,Prague,S2,Male,19,conv,-2595.00422849992,0.00498866213151938,-476.739360076196,-476.739360076196
3.24263038548753,97.7159968434246,Czech,Prague,S2,Male,19,conv,-2605.00422849992,0.00498866213151938,-380.780935712566,-380.780935712566
3.24761904761905,97.7159968434246,Czech,Prague,S2,Male,19,conv,-2605.00422849992,0.00498866213151938,-278.298122673304,-278.298122673304
3.25260770975057,97.7159968434246,Czech,Prague,S2,Male,19,conv,-2605.00422849992,0.00498866213151894,-175.937339610585,-175.937339610585
3.25759637188209,97.7159968434246,Czech,Prague,S2,Male,19,conv,-2605.00422849992,0.00498866213151938,-81.0912436751863,-81.0912436751863
3.26258503401361,98.2820598545251,Czech,Prague,S2,Male,19,conv,-2595.00422849992,0.00498866213151938,-0.0795356857011675,-0.0795356857011675
3.26757369614512,98.2820598545251,Czech,Prague,S2,Male,19,conv,-2595.00422849992,0.00498866213151938,63.8909069352285,-63.8909069352285
3.27256235827664,98.2820598545251,Czech,Prague,S2,Male,19,conv,-2595.00422849992,0.00498866213151938,112.355706718944,-112.355706718944
3.27755102040816,98.2820598545251,Czech,Prague,S2,Male,19,conv,-2595.00422849992,0.00498866213151894,152.302074363414,-152.302074363414
3.28253968253968,98.2820598545251,Czech,Prague,S2,Male,19,conv,-2595.00422849992,0.00498866213151938,195.717660987917,-195.717660987917
3.2875283446712,98.2820598545251,Czech,Prague,S2,Male,19,conv,-2595.00422849992,0.00498866213151938,257.980030508974,-257.980030508974
3.29251700680272,98.2820598545251,Czech,Prague,S2,Male,19,conv,-2595.00422849992,0.00498866213151938,355.195198130115,-355.195198130115
3.29750566893424,98.2820598545251,Czech,Prague,S2,Male,19,conv,-2595.00422849992,0.00498866213151894,500.635628825231,-500.635628825231
3.30249433106576,98.2820598545251,Czech,Prague,S2,Male,19,conv,-2595.00422849992,0.00498866213151938,700.592817862914,-700.592817862914
3.30748299319728,98.2820598545251,Czech,Prague,S2,Male,19,conv,-2595.00422849992,0.00498866213151938,950.37426287016,-950.37426287016
3.3124716553288,98.2820598545251,Czech,Prague,S2,Male,19,conv,-2595.00422849992,0.00498866213151938,1231.71661653632,-1231.71661653632
3.31746031746032,98.8514020352896,Czech,Prague,S2,Male,19,conv,-2585.00422849992,0.00498866213151894,1513.15589844816,-1513.15589844816
3.32244897959184,98.8514020352896,Czech,Prague,S2,Male,19,conv,-2585.00422849992,0.00498866213151938,1754.43454670794,-1754.43454670794
3.32743764172336,99.4240423817547,Czech,Prague,S2,Male,19,conv,-2575.00422849992,0.00498866213151938,1914.69590082517,-1914.69590082517
3.33242630385488,104.729412282063,Czech,Prague,S2,Male,19,conv,-2485.00422849992,0.00498866213151938,1962.46343898563,-1962.46343898563
3.33741496598639,104.729412282063,Czech,Prague,S2,Male,19,conv,-2485.00422849992,0.00498866213151894,1884.13687728675,-1884.13687728675
3.34240362811791,104.126215253481,Czech,Prague,S2,Male,19,conv,-2495.00422849992,0.00498866213151938,1687.81775512582,-1687.81775512582
3.34739229024943,104.126215253481,Czech,Prague,S2,Male,19,conv,-2495.00422849992,0.00498866213151938,1400.89801482702,-1400.89801482702
3.35238095238095,104.126215253481,Czech,Prague,S2,Male,19,conv,-2495.00422849992,0.00498866213151938,1062.29648180753,-1062.29648180753
3.35736961451247,104.126215253481,Czech,Prague,S2,Male,19,conv,-2495.00422849992,0.00498866213151894,712.274294840238,-712.274294840238
3.36235827664399,104.126215253481,Czech,Prague,S2,Male,19,conv,-2495.00422849992,0.00498866213151938,383.400851979727,-383.400851979727
3.36734693877551,104.126215253481,Czech,Prague,S2,Male,19,conv,-2495.00422849992,0.00498866213151938,95.3134343184694,-95.3134343184694
3.37233560090703,103.526492384138,Czech,Prague,S2,Male,19,conv,-2505.00422849992,0.00498866213151938,-145.894523902642,-145.894523902642
3.37732426303855,103.526492384138,Czech,Prague,S2,Male,19,conv,-2505.00422849992,0.00498866213151894,-344.501458415432,-344.501458415432
3.38231292517007,103.526492384138,Czech,Prague,S2,Male,19,conv,-2505.00422849992,0.00498866213151938,-509.917282066134,-509.917282066134
3.38730158730159,103.526492384138,Czech,Prague,S2,Male,19,conv,-2505.00422849992,0.00498866213151938,-651.101987690535,-651.101987690535
3.39229024943311,102.930223664349,Czech,Prague,S2,Male,19,conv,-2515.00422849992,0.00498866213151938,-771.944303188825,-771.944303188825
3.39727891156463,102.930223664349,Czech,Prague,S2,Male,19,conv,-2515.00422849992,0.00498866213151894,-868.50291155686,-868.50291155686
3.40226757369614,102.337389199677,Czech,Prague,S2,Male,19,conv,-2525.00422849992,0.00498866213151938,-928.807505681781,-928.807505681781
3.40725623582766,102.337389199677,Czech,Prague,S2,Male,19,conv,-2525.00422849992,0.00498866213151938,-935.704109945416,-935.704109945416
3.41224489795918,102.337389199677,Czech,Prague,S2,Male,19,conv,-2525.00422849992,0.00498866213151938,-872.662372360278,-872.662372360278
3.4172335600907,100.579294106785,Czech,Prague,S2,Male,19,conv,-2555.00422849992,0.00498866213151894,-731.403356328747,-731.403356328747
3.42222222222222,99.4240423817547,Czech,Prague,S2,Male,19,conv,-2575.00422849992,0.00498866213151938,-518.976537639503,-518.976537639503
3.42721088435374,99.4240423817547,Czech,Prague,S2,Male,19,conv,-2575.00422849992,0.00498866213151938,-261.242408956176,-261.242408956176
3.43219954648526,99.4240423817547,Czech,Prague,S2,Male,19,conv,-2575.00422849992,0.00498866213151938,-0.325290539865302,-0.325290539865302
3.43718820861678,99.4240423817547,Czech,Prague,S2,Male,19,conv,-2575.00422849992,0.00498866213151894,214.35328453652,-214.35328453652
3.4421768707483,104.126215253481,Czech,Prague,S2,Male,19,conv,-2495.00422849992,0.00498866213151938,339.09320123637,-339.09320123637
3.44716553287982,104.126215253481,Czech,Prague,S2,Male,19,conv,-2495.00422849992,0.00498866213151938,348.509911596215,-348.509911596215
3.45215419501134,102.930223664349,Czech,Prague,S2,Male,19,conv,-2515.00422849992,0.00498866213151938,242.996526113901,-242.996526113901
3.45714285714286,102.930223664349,Czech,Prague,S2,Male,19,conv,-2515.00422849992,0.00498866213151894,48.2883857457688,-48.2883857457688
3.46213151927438,102.337389199677,Czech,Prague,S2,Male,19,conv,-2525.00422849992,0.00498866213151938,-192.428050970379,-192.428050970379
3.4671201814059,101.747969210269,Czech,Prague,S2,Male,19,conv,-2535.00422849992,0.00498866213151938,-430.55511566475,-430.55511566475
3.47210884353742,101.161944030192,Czech,Prague,S2,Male,19,conv,-2545.00422849992,0.00498866213151938,-623.800033944147,-623.800033944147
3.47709750566893,100.579294106785,Czech,Prague,S2,Male,19,conv,-2555.00422849992,0.00498866213151894,-743.981118321854,-743.981118321854
3.48208616780045,100.579294106785,Czech,Prague,S2,Male,19,conv,-2555.00422849992,0.00498866213151938,-779.539348795629,-779.539348795629
3.48707482993197,100,Czech,Prague,S2,Male,19,conv,-2565.00422849992,0.00498866213151938,-733.623084662732,-733.623084662732
3.49206349206349,100,Czech,Prague,S2,Male,19,conv,-2565.00422849992,0.00498866213151938,-619.883321878869,-619.883321878869
3.49705215419501,100,Czech,Prague,S2,Male,19,conv,-2565.00422849992,0.00498866213151894,-458.083614269555,-458.083614269555
3.50204081632653,99.4240423817547,Czech,Prague,S2,Male,19,conv,-2575.00422849992,0.00498866213151938,-270.681374794058,-270.681374794058
3.50702947845805,99.4240423817547,Czech,Prague,S2,Male,19,conv,-2575.00422849992,0.00498866213151938,-80.4144167398213,-80.4144167398213
3.51201814058957,100,Czech,Prague,S2,Male,19,conv,-2565.00422849992,0.00498866213151938,91.7279996742846,-91.7279996742846
3.51700680272109,100,Czech,Prague,S2,Male,19,conv,-2565.00422849992,0.00498866213151894,228.707601104782,-228.707601104782
3.52199546485261,100.579294106785,Czech,Prague,S2,Male,19,conv,-2555.00422849992,0.00498866213151938,319.792775630874,-319.792775630874
3.52698412698413,101.747969210269,Czech,Prague,S2,Male,19,conv,-2535.00422849992,0.00498866213151938,362.430504859638,-362.430504859638
3.53197278911565,101.161944030192,Czech,Prague,S2,Male,19,conv,-2545.00422849992,0.00498866213151938,362.792057653339,-362.792057653339
3.53696145124717,101.161944030192,Czech,Prague,S2,Male,19,conv,-2545.00422849992,0.00498866213151894,334.509565823072,-334.509565823072
3.54195011337868,100.579294106785,Czech,Prague,S2,Male,19,conv,-2555.00422849992,0.00498866213151938,295.821579732695,-295.821579732695
3.5469387755102,101.161944030192,Czech,Prague,S2,Male,19,conv,-2545.00422849992,0.00498866213151938,265.951590806122,-265.951590806122
3.55192743764172,101.161944030192,Czech,Prague,S2,Male,19,conv,-2545.00422849992,0.00498866213151938,261.707886467301,-261.707886467301
3.55691609977324,100.579294106785,Czech,Prague,S2,Male,19,conv,-2555.00422849992,0.00498866213151894,294.990903093713,-294.990903093713
3.56190476190476,101.161944030192,Czech,Prague,S2,Male,19,conv,-2545.00422849992,0.00498866213151938,371.409669806377,-371.409669806377
3.56689342403628,101.161944030192,Czech,Prague,S2,Male,19,conv,-2545.00422849992,0.00498866213151938,489.889582815984,-489.889582815984
3.5718820861678,101.161944030192,Czech,Prague,S2,Male,19,conv,-2545.00422849992,0.00498866213151938,643.129877572401,-643.129877572401
3.57687074829932,100.579294106785,Czech,Prague,S2,Male,19,conv,-2555.00422849992,0.00498866213151938,818.8704084945,-818.8704084945
3.58185941043084,100.579294106785,Czech,Prague,S2,Male,19,conv,-2555.00422849992,0.0997732426303855,1001.87420062026,-1001.87420062026
3.68163265306122,103.526492384138,Czech,Prague,S2,Male,19,conv,-2505.00422849992,0.00498866213151894,1176.23786779494,-1176.23786779494
3.68662131519274,103.526492384138,Czech,Prague,S2,Male,19,conv,-2505.00422849992,0.00498866213151938,1327.34558875857,-1327.34558875857
3.69160997732426,103.526492384138,Czech,Prague,S2,Male,19,conv,-2505.00422849992,0.00498866213151938,1442.8539817701,-1442.8539817701
3.69659863945578,103.526492384138,Czech,Prague,S2,Male,19,conv,-2505.00422849992,0.00498866213151938,1512.66242400982,-1512.66242400982
3.7015873015873,103.526492384138,Czech,Prague,S2,Male,19,conv,-2505.00422849992,0.279365079365079,1528.55805785427,-1528.55805785427
3.98095238095238,104.126215253481,Czech,Prague,S2,Male,19,conv,-2495.00422849992,0.00498866213151938,1484.53828281933,-1484.53828281933
3.9859410430839,107.177346253629,Czech,Prague,S2,Male,19,conv,-2445.00422849992,0.00498866213151894,1378.34399630823,-1378.34399630823
3.99092970521542,107.177346253629,Czech,Prague,S2,Male,19,conv,-2445.00422849992,0.00498866213151938,1213.71112991913,-1213.71112991913
3.99591836734694,106.560050162848,Czech,Prague,S2,Male,19,conv,-2455.00422849992,0.00498866213151894,1001.97306969217,-1001.97306969217
4.00090702947846,107.177346253629,Czech,Prague,S2,Male,19,conv,-2445.00422849992,0.00498866213151938,761.587275052224,-761.587275052224
4.00589569160998,106.560050162848,Czech,Prague,S2,Male,19,conv,-2455.00422849992,0.00498866213151938,515.029993289544,-515.029993289544
4.0108843537415,106.560050162848,Czech,Prague,S2,Male,19,conv,-2455.00422849992,0.00498866213151938,283.791280108002,-283.791280108002
4.01587301587302,106.560050162848,Czech,Prague,S2,Male,19,conv,-2455.00422849992,0.00498866213151938,83.1632310898636,-83.1632310898636
4.02086167800454,105.94630943593,Czech,Prague,S2,Male,19,conv,-2465.00422849992,0.00498866213151938,-81.3253218509357,-81.3253218509357
4.02585034013605,105.94630943593,Czech,Prague,S2,Male,19,conv,-2465.00422849992,0.00498866213151938,-214.581795867003,-214.581795867003
4.03083900226757,105.94630943593,Czech,Prague,S2,Male,19,conv,-2465.00422849992,0.00498866213151938,-329.478999525804,-329.478999525804
4.03582766439909,105.94630943593,Czech,Prague,S2,Male,19,conv,-2465.00422849992,0.0049886621315185,-441.961117073056,-441.961117073056
4.04081632653061,105.94630943593,Czech,Prague,S2,Male,19,conv,-2465.00422849992,0.00498866213151938,-565.157957031988,-565.157957031988
4.04580498866213,105.94630943593,Czech,Prague,S2,Male,19,conv,-2465.00422849992,0.00498866213151938,-704.291352104206,-704.291352104206
4.05079365079365,106.560050162848,Czech,Prague,S2,Male,19,conv,-2455.00422849992,0.00498866213151938,-854.077346106479,-854.077346106479
4.05578231292517,105.94630943593,Czech,Prague,S2,Male,19,conv,-2465.00422849992,0.00498866213151938,-999.73024874462,-999.73024874462
4.06077097505669,104.729412282063,Czech,Prague,S2,Male,19,conv,-2485.00422849992,0.00498866213151938,-1121.58106740662,-1121.58106740662
4.06575963718821,103.526492384138,Czech,Prague,S2,Male,19,conv,-2505.00422849992,0.00498866213151938,-1201.99886642517,-1201.99886642517
4.07074829931973,102.930223664349,Czech,Prague,S2,Male,19,conv,-2515.00422849992,0.00498866213151938,-1232.24829029597,-1232.24829029597
4.07573696145125,102.337389199677,Czech,Prague,S2,Male,19,conv,-2525.00422849992,0.0049886621315185,-1216.65099083041,-1216.65099083041
4.08072562358277,102.337389199677,Czech,Prague,S2,Male,19,conv,-2525.00422849992,0.00498866213151938,-1172.18884768318,-1172.18884768318
4.08571428571429,102.337389199677,Czech,Prague,S2,Male,19,conv,-2525.00422849992,0.00498866213151938,-1123.28782112443,-1123.28782112443
4.0907029478458,102.337389199677,Czech,Prague,S2,Male,19,conv,-2525.00422849992,0.00498866213151938,-1093.36019526077,-1093.36019526077
4.09569160997732,102.930223664349,Czech,Prague,S2,Male,19,conv,-2515.00422849992,0.00498866213151938,-1096.03867906722,-1096.03867906722
4.10068027210884,102.337389199677,Czech,Prague,S2,Male,19,conv,-2525.00422849992,0.00498866213151938,-1129.35979845187,-1129.35979845187
4.10566893424036,102.337389199677,Czech,Prague,S2,Male,19,conv,-2525.00422849992,0.00498866213151938,-1175.27295222174,-1175.27295222174
4.11065759637188,102.930223664349,Czech,Prague,S2,Male,19,conv,-2515.00422849992,0.104761904761904,-1205.02744644832,-1205.02744644832
4.21541950113379,98.8514020352896,Czech,Prague,S2,Male,19,conv,-2585.00422849992,0.00498866213151938,-1188.84317971826,-1188.84317971826
4.22040816326531,98.8514020352896,Czech,Prague,S2,Male,19,conv,-2585.00422849992,0.00498866213151938,-1106.59030038697,-1106.59030038697
4.22539682539683,98.8514020352896,Czech,Prague,S2,Male,19,conv,-2585.00422849992,0.00498866213151938,-955.664937711559,-955.664937711559
4.23038548752834,98.8514020352896,Czech,Prague,S2,Male,19,conv,-2585.00422849992,0.00498866213151938,-753.133528492051,-753.133528492051
4.23537414965986,98.8514020352896,Czech,Prague,S2,Male,19,conv,-2585.00422849992,0.00498866213151938,-531.255968271336,-531.255968271336
4.24036281179138,98.8514020352896,Czech,Prague,S2,Male,19,conv,-2585.00422849992,0.0049886621315185,-327.939196046916,-327.939196046916
4.2453514739229,98.8514020352896,Czech,Prague,S2,Male,19,conv,-2585.00422849992,0.00498866213151938,-175.570034407397,-175.570034407397
4.25034013605442,101.747969210269,Czech,Prague,S2,Male,19,conv,-2535.00422849992,0.00498866213151938,-92.2513982019405,-92.2513982019405
4.25532879818594,102.337389199677,Czech,Prague,S2,Male,19,conv,-2525.00422849992,0.00498866213151938,-78.4299280598153,-78.4299280598153
4.26031746031746,98.8514020352896,Czech,Prague,S2,Male,19,conv,-2585.00422849992,0.00498866213151938,-119.623899288968,-119.623899288968
4.26530612244898,98.8514020352896,Czech,Prague,S2,Male,19,conv,-2585.00422849992,0.00498866213151938,-193.394082364983,-193.394082364983
4.2702947845805,98.8514020352896,Czech,Prague,S2,Male,19,conv,-2585.00422849992,0.00498866213151938,-277.034089895927,-277.034089895927
4.27528344671202,99.4240423817547,Czech,Prague,S2,Male,19,conv,-2575.00422849992,0.00498866213151938,-352.536756679271,-352.536756679271
4.28027210884354,99.4240423817547,Czech,Prague,S2,Male,19,conv,-2575.00422849992,0.0149659863945573,-407.216286018896,-407.216286018896
4.2952380952381,99.4240423817547,Czech,Prague,S2,Male,19,conv,-2575.00422849992,0.00498866213151938,-430.983613203991,-430.983613203991
4.30022675736961,99.4240423817547,Czech,Prague,S2,Male,19,conv,-2575.00422849992,0.00498866213151938,-413.252147435015,-413.252147435015
4.30521541950113,98.8514020352896,Czech,Prague,S2,Male,19,conv,-2585.00422849992,0.00498866213151938,-342.666393991189,-342.666393991189
4.31020408163265,98.8514020352896,Czech,Prague,S2,Male,19,conv,-2585.00422849992,0.00498866213151938,-211.123211295779,-211.123211295779
4.31519274376417,98.2820598545251,Czech,Prague,S2,Male,19,conv,-2595.00422849992,0.00498866213151938,-20.7903926597306,-20.7903926597306
4.32018140589569,96.0372945051004,Czech,Prague,S2,Male,19,conv,-2635.00422849992,0.0049886621315185,209.483410069829,-209.483410069829
4.32517006802721,96.0372945051004,Czech,Prague,S2,Male,19,conv,-2635.00422849992,0.00498866213151938,442.516872102478,-442.516872102478
4.33015873015873,99.4240423817547,Czech,Prague,S2,Male,19,conv,-2575.00422849992,0.00498866213151938,628.393984470226,-628.393984470226
4.33514739229025,100,Czech,Prague,S2,Male,19,conv,-2565.00422849992,0.00498866213151938,716.643486477635,-716.643486477635
4.34013605442177,101.747969210269,Czech,Prague,S2,Male,19,conv,-2535.00422849992,0.00498866213151938,671.174041702915,-671.174041702915
4.34512471655329,101.747969210269,Czech,Prague,S2,Male,19,conv,-2535.00422849992,0.00498866213151938,482.533211462455,-482.533211462455
4.35011337868481,101.747969210269,Czech,Prague,S2,Male,19,conv,-2535.00422849992,0.00498866213151938,172.798723947993,-172.798723947993
4.35510204081633,101.747969210269,Czech,Prague,S2,Male,19,conv,-2535.00422849992,0.00498866213151938,-208.848082148974,-208.848082148974
4.36009070294785,101.747969210269,Czech,Prague,S2,Male,19,conv,-2535.00422849992,0.0049886621315185,-598.337669848155,-598.337669848155
4.36507936507936,98.2820598545251,Czech,Prague,S2,Male,19,conv,-2595.00422849992,0.00498866213151938,-932.481897269528,-932.481897269528
4.37006802721088,97.7159968434246,Czech,Prague,S2,Male,19,conv,-2605.00422849992,0.00498866213151938,-1163.17619112447,-1163.17619112447
4.3750566893424,97.7159968434246,Czech,Prague,S2,Male,19,conv,-2605.00422849992,0.00498866213151938,-1266.01699953936,-1266.01699953936
4.38004535147392,97.1531941153606,Czech,Prague,S2,Male,19,conv,-2615.00422849992,0.00498866213151938,-1241.74198654287,-1241.74198654287
4.38503401360544,97.1531941153606,Czech,Prague,S2,Male,19,conv,-2615.00422849992,0.00498866213151938,-1111.50796050793,-1111.50796050793
4.39002267573696,97.1531941153606,Czech,Prague,S2,Male,19,conv,-2615.00422849992,0.00498866213151938,-908.742327610892,-908.742327610892
4.39501133786848,96.5936328924845,Czech,Prague,S2,Male,19,conv,-2625.00422849992,0.00498866213151938,-670.606044745355,-670.606044745355
4.4,96.5936328924845,Czech,Prague,S2,Male,19,conv,-2625.00422849992,0.0049886621315185,-431.185503285805,-431.185503285805
4.40498866213152,96.5936328924845,Czech,Prague,S2,Male,19,conv,-2625.00422849992,0.00498866213151938,-217.131184569517,-217.131184569517
4.40997732426304,97.1531941153606,Czech,Prague,S2,Male,19,conv,-2615.00422849992,0.00498866213151938,-45.4011076685928,-45.4011076685928
4.41496598639456,97.7159968434246,Czech,Prague,S2,Male,19,conv,-2605.00422849992,0.00498866213151938,77.5219159675045,-77.5219159675045
4.41995464852608,97.7159968434246,Czech,Prague,S2,Male,19,conv,-2605.00422849992,0.00498866213151938,155.229868188545,-155.229868188545
4.4249433106576,97.7159968434246,Czech,Prague,S2,Male,19,conv,-2605.00422849992,0.00498866213151938,199.64600480321,-199.64600480321
4.42993197278912,97.7159968434246,Czech,Prague,S2,Male,19,conv,-2605.00422849992,0.00498866213151938,227.714020296834,-227.714020296834
4.43492063492064,97.7159968434246,Czech,Prague,S2,Male,19,conv,-2605.00422849992,0.00498866213151938,256.769720586953,-256.769720586953
4.43990929705215,97.1531941153606,Czech,Prague,S2,Male,19,conv,-2615.00422849992,0.0049886621315185,299.594301754593,-299.594301754593
4.44489795918367,97.1531941153606,Czech,Prague,S2,Male,19,conv,-2615.00422849992,0.00498866213151938,360.688618592205,-360.688618592205
4.44988662131519,97.1531941153606,Czech,Prague,S2,Male,19,conv,-2615.00422849992,0.00498866213151938,435.214190307359,-435.214190307359
4.45487528344671,97.7159968434246,Czech,Prague,S2,Male,19,conv,-2605.00422849992,0.00498866213151938,511.206539553427,-511.206539553427
4.45986394557823,97.7159968434246,Czech,Prague,S2,Male,19,conv,-2605.00422849992,0.00498866213151938,574.364647287989,-574.364647287989
4.46485260770975,98.2820598545251,Czech,Prague,S2,Male,19,conv,-2595.00422849992,0.0299319727891154,613.541751335714,-613.541751335714
4.49478458049887,101.747969210269,Czech,Prague,S2,Male,19,conv,-2535.00422849992,0.00498866213151938,624.611595150868,-624.611595150868
4.49977324263039,98.2820598545251,Czech,Prague,S2,Male,19,conv,-2595.00422849992,0.00498866213151938,610.944331554126,-610.944331554126
4.5047619047619,98.2820598545251,Czech,Prague,S2,Male,19,conv,-2595.00422849992,0.00498866213151938,580.064435625348,-580.064435625348
4.50975056689342,98.2820598545251,Czech,Prague,S2,Male,19,conv,-2595.00422849992,0.00498866213151938,537.551484973219,-537.551484973219
4.51473922902494,98.8514020352896,Czech,Prague,S2,Male,19,conv,-2585.00422849992,0.00498866213151938,480.260773972545,-480.260773972545
4.51972789115646,101.747969210269,Czech,Prague,S2,Male,19,conv,-2535.00422849992,0.00498866213151938,391.243314034862,-391.243314034862
4.52471655328798,98.2820598545251,Czech,Prague,S2,Male,19,conv,-2595.00422849992,0.0049886621315185,238.496546262388,-238.496546262388
4.5297052154195,98.8514020352896,Czech,Prague,S2,Male,19,conv,-2585.00422849992,0.00498866213151938,-20.8931711262734,-20.8931711262734
4.53469387755102,98.8514020352896,Czech,Prague,S2,Male,19,conv,-2585.00422849992,0.0149659863945582,-430.615311404333,-430.615311404333
4.54965986394558,101.747969210269,Czech,Prague,S2,Male,19,conv,-2535.00422849992,0.00498866213151938,-1020.04958824037,-1020.04958824037
4.5546485260771,101.161944030192,Czech,Prague,S2,Male,19,conv,-2545.00422849992,0.00498866213151938,-1787.59657601285,-1787.59657601285
4.55963718820862,101.747969210269,Czech,Prague,S2,Male,19,conv,-2535.00422849992,0.00498866213151938,-2687.99360630224,-2687.99360630224
4.56462585034014,101.747969210269,Czech,Prague,S2,Male,19,conv,-2535.00422849992,0.0049886621315185,-3629.78650061736,-3629.78650061736
4.56961451247165,98.2820598545251,Czech,Prague,S2,Male,19,conv,-2595.00422849992,0.00498866213151938,-4486.87670542803,-4486.87670542803
4.57460317460317,98.2820598545251,Czech,Prague,S2,Male,19,conv,-2595.00422849992,0.224489795918368,-5123.07717441902,-5123.07717441902
4.79909297052154,85.5595025682602,Czech,Prague,S2,Male,19,conv,-2835.00422849992,0.00498866213151938,-5422.84687968328,-5422.84687968328
4.80408163265306,85.5595025682602,Czech,Prague,S2,Male,19,conv,-2835.00422849992,0.00498866213151938,-5317.85307472789,-5317.85307472789
4.80907029478458,85.5595025682602,Czech,Prague,S2,Male,19,conv,-2835.00422849992,0.0049886621315185,-4800.06480196696,-4800.06480196696
4.8140589569161,85.5595025682602,Czech,Prague,S2,Male,19,conv,-2835.00422849992,0.00498866213151938,-3917.70618645968,-3917.70618645968
4.81904761904762,85.0667160950856,Czech,Prague,S2,Male,19,conv,-2845.00422849992,0.00498866213151938,-2757.89525089027,-2757.89525089027
4.82403628117914,85.5595025682602,Czech,Prague,S2,Male,19,conv,-2835.00422849992,0.00498866213151938,-1425.14562027533,-1425.14562027533
4.82902494331066,85.5595025682602,Czech,Prague,S2,Male,19,conv,-2835.00422849992,0.00498866213151938,-25.1526996515636,-25.1526996515636
4.83401360544218,86.055143724433,Czech,Prague,S2,Male,19,conv,-2825.00422849992,0.00498866213151938,1341.60198948741,-1341.60198948741
4.8390022675737,85.5595025682602,Czech,Prague,S2,Male,19,conv,-2835.00422849992,0.00498866213151938,2578.87946057297,-2578.87946057297
4.84399092970522,85.5595025682602,Czech,Prague,S2,Male,19,conv,-2835.00422849992,0.00498866213151938,3593.57976262926,-3593.57976262926
4.84897959183674,86.055143724433,Czech,Prague,S2,Male,19,conv,-2825.00422849992,0.0299319727891154,4301.39901041722,-4301.39901041722
4.87891156462585,98.8514020352896,Czech,Prague,S2,Male,19,conv,-2585.00422849992,0.00498866213151938,4640.94824784007,-4640.94824784007
4.88390022675737,99.4240423817547,Czech,Prague,S2,Male,19,conv,-2575.00422849992,0.00498866213151938,4591.31594307577,-4591.31594307577
4.88888888888889,99.4240423817547,Czech,Prague,S2,Male,19,conv,-2575.00422849992,0.0049886621315185,4184.08746740875,-4184.08746740875
4.89387755102041,98.8514020352896,Czech,Prague,S2,Male,19,conv,-2585.00422849992,0.00498866213151938,3502.15526936025,-3502.15526936025
4.89886621315193,98.8514020352896,Czech,Prague,S2,Male,19,conv,-2585.00422849992,0.00498866213151938,2663.50651389513,-2663.50651389513
4.90385487528345,98.2820598545251,Czech,Prague,S2,Male,19,conv,-2595.00422849992,0.124716553287982,1795.10948991706,-1795.10948991706
5.02857142857143,97.1531941153606,Czech,Prague,S2,Male,19,conv,-2615.00422849992,0.00498866213151938,1006.17837639817,-1006.17837639817
5.03356009070295,97.1531941153606,Czech,Prague,S2,Male,19,conv,-2615.00422849992,0.00498866213151938,369.560946122873,-369.560946122873
5.03854875283447,96.5936328924845,Czech,Prague,S2,Male,19,conv,-2625.00422849992,0.00498866213151938,-84.3367968169087,-84.3367968169087
5.04353741496599,96.5936328924845,Czech,Prague,S2,Male,19,conv,-2625.00422849992,0.00498866213151938,-362.057657237593,-362.057657237593
5.04852607709751,96.5936328924845,Czech,Prague,S2,Male,19,conv,-2625.00422849992,0.0049886621315185,-494.731593313494,-494.731593313494
5.05351473922902,96.0372945051004,Czech,Prague,S2,Male,19,conv,-2635.00422849992,0.00498866213151938,-524.398198830567,-524.398198830567
5.05850340136054,96.0372945051004,Czech,Prague,S2,Male,19,conv,-2635.00422849992,0.00498866213151938,-493.039691271283,-493.039691271283
5.06349206349206,96.0372945051004,Czech,Prague,S2,Male,19,conv,-2635.00422849992,0.00498866213151938,-435.897110105575,-435.897110105575
5.06848072562358,96.0372945051004,Czech,Prague,S2,Male,19,conv,-2635.00422849992,0.00498866213151938,-378.64156972624,-378.64156972624
5.0734693877551,96.0372945051004,Czech,Prague,S2,Male,19,conv,-2635.00422849992,0.00498866213151938,-337.082145013657,-337.082145013657
5.07845804988662,96.0372945051004,Czech,Prague,S2,Male,19,conv,-2635.00422849992,0.00498866213151938,-318.192070037334,-318.192070037334
5.08344671201814,96.5936328924845,Czech,Prague,S2,Male,19,conv,-2625.00422849992,0.00498866213151938,-321.779487623989,-321.779487623989
5.08843537414966,96.0372945051004,Czech,Prague,S2,Male,19,conv,-2635.00422849992,0.00498866213151938,-342.578103073297,-342.578103073297
5.09342403628118,95.4841603910417,Czech,Prague,S2,Male,19,conv,-2645.00422849992,0.0049886621315185,-372.643296789135,-372.643296789135
5.0984126984127,95.4841603910417,Czech,Prague,S2,Male,19,conv,-2645.00422849992,0.00498866213151938,-403.785376480051,-403.785376480051
5.10340136054422,95.4841603910417,Czech,Prague,S2,Male,19,conv,-2645.00422849992,0.00498866213151938,-429.59949309704,-429.59949309704
5.10839002267574,95.4841603910417,Czech,Prague,S2,Male,19,conv,-2645.00422849992,0.00498866213151938,-446.661677337407,-446.661677337407
5.11337868480726,94.9342120950519,Czech,Prague,S2,Male,19,conv,-2655.00422849992,0.00498866213151938,-454.684983258428,-454.684983258428
5.11836734693878,94.9342120950519,Czech,Prague,S2,Male,19,conv,-2655.00422849992,0.00498866213151938,-455.747328238294,-455.747328238294
5.12335600907029,94.9342120950519,Czech,Prague,S2,Male,19,conv,-2655.00422849992,0.00498866213151938,-452.950999681057,-452.950999681057
5.12834467120181,94.9342120950519,Czech,Prague,S2,Male,19,conv,-2655.00422849992,0.00498866213151938,-448.960405738785,-448.960405738785
5.13333333333333,94.9342120950519,Czech,Prague,S2,Male,19,conv,-2655.00422849992,0.0049886621315185,-444.805945771777,-444.805945771777
5.13832199546485,94.3874312681694,Czech,Prague,S2,Male,19,conv,-2665.00422849992,0.00498866213151938,-439.219300052641,-439.219300052641
5.14331065759637,94.3874312681694,Czech,Prague,S2,Male,19,conv,-2665.00422849992,0.00498866213151938,-428.653373420374,-428.653373420374
5.14829931972789,94.3874312681694,Czech,Prague,S2,Male,19,conv,-2665.00422849992,0.00498866213151938,-408.044968756065,-408.044968756065
5.15328798185941,94.3874312681694,Czech,Prague,S2,Male,19,conv,-2665.00422849992,0.00498866213151938,-372.252288423602,-372.252288423602
5.15827664399093,94.3874312681694,Czech,Prague,S2,Male,19,conv,-2665.00422849992,0.164625850340136,-317.894814175712,-317.894814175712
5.32290249433107,93.3032991536807,Czech,Prague,S2,Male,19,conv,-2685.00422849992,0.00498866213151938,-245.076882860609,-245.076882860609
5.32789115646259,93.3032991536807,Czech,Prague,S2,Male,19,conv,-2685.00422849992,0.00498866213151938,-158.329998942732,-158.329998942732
5.3328798185941,93.8437996671143,Czech,Prague,S2,Male,19,conv,-2675.00422849992,0.0049886621315185,-66.2319078895833,-66.2319078895833
5.33786848072562,93.8437996671143,Czech,Prague,S2,Male,19,conv,-2675.00422849992,0.00498866213151938,20.3954651098092,-20.3954651098092
5.34285714285714,94.3874312681694,Czech,Prague,S2,Male,19,conv,-2665.00422849992,0.00498866213151938,91.2021921268615,-91.2021921268615
5.34784580498866,94.3874312681694,Czech,Prague,S2,Male,19,conv,-2665.00422849992,0.00498866213151938,138.982007735567,-138.982007735567
5.35283446712018,94.3874312681694,Czech,Prague,S2,Male,19,conv,-2665.00422849992,0.00498866213151938,161.315193745521,-161.315193745521
5.3578231292517,94.3874312681694,Czech,Prague,S2,Male,19,conv,-2665.00422849992,0.00498866213151938,160.636337034509,-160.636337034509
5.36281179138322,94.3874312681694,Czech,Prague,S2,Male,19,conv,-2665.00422849992,0.00498866213151938,142.848305274052,-142.848305274052
5.36780045351474,94.3874312681694,Czech,Prague,S2,Male,19,conv,-2665.00422849992,0.00498866213151938,115.148656176296,-115.148656176296
5.37278911564626,94.3874312681694,Czech,Prague,S2,Male,19,conv,-2665.00422849992,0.00498866213151938,83.9089082337764,-83.9089082337764
5.37777777777778,94.3874312681694,Czech,Prague,S2,Male,19,conv,-2665.00422849992,0.0049886621315185,53.2401709680846,-53.2401709680846
5.3827664399093,94.3874312681694,Czech,Prague,S2,Male,19,conv,-2665.00422849992,0.00498866213151938,24.4807781422724,-24.4807781422724
5.38775510204082,94.3874312681694,Czech,Prague,S2,Male,19,conv,-2665.00422849992,0.00498866213151938,-3.50956206759104,-3.50956206759104
5.39274376417234,94.3874312681694,Czech,Prague,S2,Male,19,conv,-2665.00422849992,0.00498866213151938,-33.5290769114414,-33.5290769114414
5.39773242630385,94.3874312681694,Czech,Prague,S2,Male,19,conv,-2665.00422849992,0.00498866213151938,-68.9537740369898,-68.9537740369898
5.40272108843537,94.3874312681694,Czech,Prague,S2,Male,19,conv,-2665.00422849992,0.00498866213151938,-112.580495453316,-112.580495453316
5.40770975056689,94.3874312681694,Czech,Prague,S2,Male,19,conv,-2665.00422849992,0.00498866213151938,-165.527240213528,-165.527240213528
5.41269841269841,94.3874312681694,Czech,Prague,S2,Male,19,conv,-2665.00422849992,0.00498866213151938,-226.349086048633,-226.349086048633
5.41768707482993,94.3874312681694,Czech,Prague,S2,Male,19,conv,-2665.00422849992,0.0049886621315185,-290.580920743509,-290.580920743509
5.42267573696145,94.3874312681694,Czech,Prague,S2,Male,19,conv,-2665.00422849992,0.00498866213151938,-350.918641467083,-350.918641467083
5.42766439909297,93.8437996671143,Czech,Prague,S2,Male,19,conv,-2675.00422849992,0.00498866213151938,-398.144296625403,-398.144296625403
5.43265306122449,93.8437996671143,Czech,Prague,S2,Male,19,conv,-2675.00422849992,0.00498866213151938,-422.702393521987,-422.702393521987
5.43764172335601,93.3032991536807,Czech,Prague,S2,Male,19,conv,-2685.00422849992,0.00498866213151938,-416.621267680689,-416.621267680689
5.44263038548753,93.3032991536807,Czech,Prague,S2,Male,19,conv,-2685.00422849992,0.00498866213151938,-375.3377831596,-375.3377831596
5.44761904761905,93.3032991536807,Czech,Prague,S2,Male,19,conv,-2685.00422849992,0.00498866213151938,-298.981566158764,-298.981566158764
5.45260770975057,92.7659116941309,Czech,Prague,S2,Male,19,conv,-2695.00422849992,0.00498866213151938,-192.800886141496,-192.800886141496
