time,f0,language,location,group,gender,speaker,condition
0.4439909297052154,134.25725027802633,Czech,Prague,R3,Male,25,conv
0.4489795918367347,134.25725027802633,Czech,Prague,R3,Male,25,conv
0.45396825396825397,134.25725027802633,Czech,Prague,R3,Male,25,conv
0.45895691609977324,134.25725027802633,Czech,Prague,R3,Male,25,conv
0.4639455782312925,134.25725027802633,Czech,Prague,R3,Male,25,conv
0.4689342403628118,135.03499461681898,Czech,Prague,R3,Male,25,conv
0.47392290249433106,135.03499461681898,Czech,Prague,R3,Male,25,conv
0.47891156462585033,135.81724438273216,Czech,Prague,R3,Male,25,conv
0.4839002267573696,136.60402567543957,Czech,Prague,R3,Male,25,conv
0.4888888888888889,136.60402567543957,Czech,Prague,R3,Male,25,conv
0.49387755102040815,135.81724438273216,Czech,Prague,R3,Male,25,conv
0.4988662131519274,135.81724438273216,Czech,Prague,R3,Male,25,conv
0.5038548752834467,136.60402567543957,Czech,Prague,R3,Male,25,conv
0.508843537414966,135.03499461681898,Czech,Prague,R3,Male,25,conv
0.5138321995464853,135.03499461681898,Czech,Prague,R3,Male,25,conv
0.5188208616780046,135.03499461681898,Czech,Prague,R3,Male,25,conv
0.5238095238095238,135.03499461681898,Czech,Prague,R3,Male,25,conv
0.5287981859410431,135.03499461681898,Czech,Prague,R3,Male,25,conv
0.5337868480725624,135.03499461681898,Czech,Prague,R3,Male,25,conv
0.5387755102040817,135.03499461681898,Czech,Prague,R3,Male,25,conv
0.5836734693877551,151.57165665103983,Czech,Prague,R3,Male,25,conv
0.5886621315192744,151.57165665103983,Czech,Prague,R3,Male,25,conv
0.5936507936507937,150.6986681474576,Czech,Prague,R3,Male,25,conv
0.5986394557823129,150.6986681474576,Czech,Prague,R3,Male,25,conv
0.6036281179138322,150.6986681474576,Czech,Prague,R3,Male,25,conv
0.6086167800453515,148.10975522865644,Czech,Prague,R3,Male,25,conv
0.6136054421768707,147.25670581005255,Czech,Prague,R3,Male,25,conv
0.61859410430839,146.40856959456252,Czech,Prague,R3,Male,25,conv
0.6235827664399093,145.56531828421873,Czech,Prague,R3,Male,25,conv
0.6285714285714286,142.24060181972814,Czech,Prague,R3,Male,25,conv
0.6335600907029478,141.4213562373095,Czech,Prague,R3,Male,25,conv
0.6385487528344671,138.99182198423372,Czech,Prague,R3,Male,25,conv
0.6435374149659864,138.19128799677762,Czech,Prague,R3,Male,25,conv
0.6485260770975056,138.19128799677762,Czech,Prague,R3,Male,25,conv
0.6535147392290249,138.19128799677762,Czech,Prague,R3,Male,25,conv
0.6585034013605442,138.19128799677762,Czech,Prague,R3,Male,25,conv
0.6634920634920635,138.19128799677762,Czech,Prague,R3,Male,25,conv
0.6684807256235827,138.19128799677762,Czech,Prague,R3,Male,25,conv
0.673469387755102,138.19128799677762,Czech,Prague,R3,Male,25,conv
0.6784580498866213,139.79699341790194,Czech,Prague,R3,Male,25,conv
0.6834467120181406,139.79699341790194,Czech,Prague,R3,Male,25,conv
0.6884353741496598,139.79699341790194,Czech,Prague,R3,Male,25,conv
0.6934240362811791,143.893358001082,Czech,Prague,R3,Male,25,conv
0.6984126984126984,139.79699341790194,Czech,Prague,R3,Male,25,conv
0.7034013605442176,139.79699341790194,Czech,Prague,R3,Male,25,conv
0.7083900226757369,137.39536474580893,Czech,Prague,R3,Male,25,conv
0.7133786848072562,138.19128799677762,Czech,Prague,R3,Male,25,conv
0.7183673469387755,138.99182198423372,Czech,Prague,R3,Male,25,conv
0.7233560090702947,139.79699341790194,Czech,Prague,R3,Male,25,conv
0.728344671201814,139.79699341790194,Czech,Prague,R3,Male,25,conv
0.7333333333333333,140.60682916223496,Czech,Prague,R3,Male,25,conv
0.7383219954648526,140.60682916223496,Czech,Prague,R3,Male,25,conv
0.7433106575963719,140.60682916223496,Czech,Prague,R3,Male,25,conv
0.7482993197278912,140.60682916223496,Czech,Prague,R3,Male,25,conv
0.7532879818594105,139.79699341790194,Czech,Prague,R3,Male,25,conv
0.7582766439909298,140.60682916223496,Czech,Prague,R3,Male,25,conv
0.763265306122449,139.79699341790194,Czech,Prague,R3,Male,25,conv
0.7682539682539683,139.79699341790194,Czech,Prague,R3,Male,25,conv
0.7732426303854876,138.99182198423372,Czech,Prague,R3,Male,25,conv
0.7782312925170068,138.99182198423372,Czech,Prague,R3,Male,25,conv
0.7832199546485261,138.99182198423372,Czech,Prague,R3,Male,25,conv
0.7882086167800454,138.19128799677762,Czech,Prague,R3,Male,25,conv
0.7931972789115647,138.19128799677762,Czech,Prague,R3,Male,25,conv
0.7981859410430839,138.19128799677762,Czech,Prague,R3,Male,25,conv
0.8031746031746032,138.19128799677762,Czech,Prague,R3,Male,25,conv
0.8081632653061225,137.39536474580893,Czech,Prague,R3,Male,25,conv
0.8131519274376418,137.39536474580893,Czech,Prague,R3,Male,25,conv
0.818140589569161,137.39536474580893,Czech,Prague,R3,Male,25,conv
0.8231292517006803,138.19128799677762,Czech,Prague,R3,Male,25,conv
0.8281179138321996,139.79699341790194,Czech,Prague,R3,Male,25,conv
0.8331065759637188,140.60682916223496,Czech,Prague,R3,Male,25,conv
0.8380952380952381,142.24060181972814,Czech,Prague,R3,Male,25,conv
0.8430839002267574,143.06459324352582,Czech,Prague,R3,Male,25,conv
0.8480725623582767,143.06459324352582,Czech,Prague,R3,Male,25,conv
0.8530612244897959,143.893358001082,Czech,Prague,R3,Male,25,conv
0.8580498866213152,143.893358001082,Czech,Prague,R3,Male,25,conv
0.8630385487528345,143.893358001082,Czech,Prague,R3,Male,25,conv
0.8680272108843538,143.06459324352582,Czech,Prague,R3,Male,25,conv
0.873015873015873,142.24060181972814,Czech,Prague,R3,Male,25,conv
0.8780045351473923,141.4213562373095,Czech,Prague,R3,Male,25,conv
0.8829931972789116,139.79699341790194,Czech,Prague,R3,Male,25,conv
0.8879818594104308,139.79699341790194,Czech,Prague,R3,Male,25,conv
0.8929705215419501,139.79699341790194,Czech,Prague,R3,Male,25,conv
0.8979591836734694,139.79699341790194,Czech,Prague,R3,Male,25,conv
0.9029478458049887,140.60682916223496,Czech,Prague,R3,Male,25,conv
0.9079365079365079,140.60682916223496,Czech,Prague,R3,Male,25,conv
0.9129251700680272,141.4213562373095,Czech,Prague,R3,Male,25,conv
0.9179138321995465,141.4213562373095,Czech,Prague,R3,Male,25,conv
0.9229024943310657,141.4213562373095,Czech,Prague,R3,Male,25,conv
0.927891156462585,141.4213562373095,Czech,Prague,R3,Male,25,conv
0.9328798185941043,141.4213562373095,Czech,Prague,R3,Male,25,conv
0.9378684807256236,141.4213562373095,Czech,Prague,R3,Male,25,conv
0.9428571428571428,141.4213562373095,Czech,Prague,R3,Male,25,conv
0.9478458049886621,141.4213562373095,Czech,Prague,R3,Male,25,conv
0.9528344671201814,141.4213562373095,Czech,Prague,R3,Male,25,conv
0.9578231292517007,141.4213562373095,Czech,Prague,R3,Male,25,conv
0.9628117913832199,143.06459324352582,Czech,Prague,R3,Male,25,conv
0.9678004535147392,145.56531828421873,Czech,Prague,R3,Male,25,conv
0.9727891156462585,144.7269237440378,Czech,Prague,R3,Male,25,conv
0.9777777777777777,146.40856959456252,Czech,Prague,R3,Male,25,conv
0.982766439909297,147.25670581005255,Czech,Prague,R3,Male,25,conv
0.9877551020408163,148.96774631227026,Czech,Prague,R3,Male,25,conv
0.9927437641723356,148.96774631227026,Czech,Prague,R3,Male,25,conv
0.9977324263038548,148.96774631227026,Czech,Prague,R3,Male,25,conv
1.002721088435374,149.83070768766817,Czech,Prague,R3,Male,25,conv
1.0077097505668935,150.6986681474576,Czech,Prague,R3,Male,25,conv
1.0126984126984127,150.6986681474576,Czech,Prague,R3,Male,25,conv
1.017687074829932,150.6986681474576,Czech,Prague,R3,Male,25,conv
1.0226757369614512,149.83070768766817,Czech,Prague,R3,Male,25,conv
1.0276643990929706,149.83070768766817,Czech,Prague,R3,Male,25,conv
1.0326530612244897,148.96774631227026,Czech,Prague,R3,Male,25,conv
1.0376417233560091,148.10975522865644,Czech,Prague,R3,Male,25,conv
1.0426303854875283,148.10975522865644,Czech,Prague,R3,Male,25,conv
1.0476190476190477,148.10975522865644,Czech,Prague,R3,Male,25,conv
1.0526077097505668,148.10975522865644,Czech,Prague,R3,Male,25,conv
1.0575963718820862,148.10975522865644,Czech,Prague,R3,Male,25,conv
1.0625850340136054,148.10975522865644,Czech,Prague,R3,Male,25,conv
1.0675736961451248,148.96774631227026,Czech,Prague,R3,Male,25,conv
1.072562358276644,148.96774631227026,Czech,Prague,R3,Male,25,conv
1.0775510204081633,148.96774631227026,Czech,Prague,R3,Male,25,conv
1.0825396825396825,148.96774631227026,Czech,Prague,R3,Male,25,conv
1.0875283446712019,148.96774631227026,Czech,Prague,R3,Male,25,conv
1.092517006802721,148.96774631227026,Czech,Prague,R3,Male,25,conv
1.0975056689342404,149.83070768766817,Czech,Prague,R3,Male,25,conv
1.1024943310657596,149.83070768766817,Czech,Prague,R3,Male,25,conv
1.107482993197279,149.83070768766817,Czech,Prague,R3,Male,25,conv
1.112471655328798,150.6986681474576,Czech,Prague,R3,Male,25,conv
1.1174603174603175,149.83070768766817,Czech,Prague,R3,Male,25,conv
1.1224489795918366,149.83070768766817,Czech,Prague,R3,Male,25,conv
1.127437641723356,147.25670581005255,Czech,Prague,R3,Male,25,conv
1.1324263038548752,147.25670581005255,Czech,Prague,R3,Male,25,conv
1.1374149659863946,147.25670581005255,Czech,Prague,R3,Male,25,conv
1.1424036281179137,147.25670581005255,Czech,Prague,R3,Male,25,conv
1.1473922902494331,147.25670581005255,Czech,Prague,R3,Male,25,conv
1.1523809523809523,147.25670581005255,Czech,Prague,R3,Male,25,conv
1.1573696145124717,148.96774631227026,Czech,Prague,R3,Male,25,conv
1.1623582766439908,149.83070768766817,Czech,Prague,R3,Male,25,conv
1.1673469387755102,149.83070768766817,Czech,Prague,R3,Male,25,conv
1.1723356009070294,149.83070768766817,Czech,Prague,R3,Male,25,conv
1.1773242630385488,148.96774631227026,Czech,Prague,R3,Male,25,conv
1.182312925170068,146.40856959456252,Czech,Prague,R3,Male,25,conv
1.1873015873015873,145.56531828421873,Czech,Prague,R3,Male,25,conv
1.1922902494331067,144.7269237440378,Czech,Prague,R3,Male,25,conv
1.1972789115646258,143.893358001082,Czech,Prague,R3,Male,25,conv
1.2022675736961452,142.24060181972814,Czech,Prague,R3,Male,25,conv
1.2072562358276644,142.24060181972814,Czech,Prague,R3,Male,25,conv
1.2122448979591838,141.4213562373095,Czech,Prague,R3,Male,25,conv
1.217233560090703,139.79699341790194,Czech,Prague,R3,Male,25,conv
1.2222222222222223,139.79699341790194,Czech,Prague,R3,Male,25,conv
1.2272108843537415,139.79699341790194,Czech,Prague,R3,Male,25,conv
1.2321995464852609,140.60682916223496,Czech,Prague,R3,Male,25,conv
1.23718820861678,140.60682916223496,Czech,Prague,R3,Male,25,conv
1.2421768707482994,140.60682916223496,Czech,Prague,R3,Male,25,conv
1.2471655328798186,140.60682916223496,Czech,Prague,R3,Male,25,conv
1.252154195011338,140.60682916223496,Czech,Prague,R3,Male,25,conv
1.2571428571428571,141.4213562373095,Czech,Prague,R3,Male,25,conv
1.2621315192743765,141.4213562373095,Czech,Prague,R3,Male,25,conv
1.2671201814058957,141.4213562373095,Czech,Prague,R3,Male,25,conv
1.272108843537415,140.60682916223496,Czech,Prague,R3,Male,25,conv
1.2770975056689342,140.60682916223496,Czech,Prague,R3,Male,25,conv
1.2820861678004536,139.79699341790194,Czech,Prague,R3,Male,25,conv
1.2870748299319728,139.79699341790194,Czech,Prague,R3,Male,25,conv
1.2920634920634921,138.99182198423372,Czech,Prague,R3,Male,25,conv
1.2970521541950113,138.99182198423372,Czech,Prague,R3,Male,25,conv
1.3020408163265307,138.99182198423372,Czech,Prague,R3,Male,25,conv
1.3070294784580498,138.99182198423372,Czech,Prague,R3,Male,25,conv
1.3120181405895692,138.99182198423372,Czech,Prague,R3,Male,25,conv
1.3170068027210884,138.19128799677762,Czech,Prague,R3,Male,25,conv
1.3219954648526078,138.19128799677762,Czech,Prague,R3,Male,25,conv
1.326984126984127,138.19128799677762,Czech,Prague,R3,Male,25,conv
1.3319727891156463,138.99182198423372,Czech,Prague,R3,Male,25,conv
1.3369614512471655,138.99182198423372,Czech,Prague,R3,Male,25,conv
1.3419501133786849,138.99182198423372,Czech,Prague,R3,Male,25,conv
1.346938775510204,138.99182198423372,Czech,Prague,R3,Male,25,conv
1.3519274376417234,139.79699341790194,Czech,Prague,R3,Male,25,conv
1.3569160997732426,139.79699341790194,Czech,Prague,R3,Male,25,conv
1.361904761904762,139.79699341790194,Czech,Prague,R3,Male,25,conv
1.3668934240362811,139.79699341790194,Czech,Prague,R3,Male,25,conv
1.3718820861678005,137.39536474580893,Czech,Prague,R3,Male,25,conv
1.3768707482993197,137.39536474580893,Czech,Prague,R3,Male,25,conv
1.381859410430839,136.60402567543957,Czech,Prague,R3,Male,25,conv
1.3868480725623582,136.60402567543957,Czech,Prague,R3,Male,25,conv
1.3918367346938776,136.60402567543957,Czech,Prague,R3,Male,25,conv
1.3968253968253967,138.99182198423372,Czech,Prague,R3,Male,25,conv
1.4018140589569161,138.99182198423372,Czech,Prague,R3,Male,25,conv
1.4068027210884353,138.99182198423372,Czech,Prague,R3,Male,25,conv
1.4117913832199547,138.99182198423372,Czech,Prague,R3,Male,25,conv
1.4167800453514738,138.99182198423372,Czech,Prague,R3,Male,25,conv
1.4217687074829932,139.79699341790194,Czech,Prague,R3,Male,25,conv
1.4267573696145124,139.79699341790194,Czech,Prague,R3,Male,25,conv
1.4317460317460318,139.79699341790194,Czech,Prague,R3,Male,25,conv
1.436734693877551,139.79699341790194,Czech,Prague,R3,Male,25,conv
1.4417233560090703,138.99182198423372,Czech,Prague,R3,Male,25,conv
1.4467120181405895,139.79699341790194,Czech,Prague,R3,Male,25,conv
1.4517006802721089,139.79699341790194,Czech,Prague,R3,Male,25,conv
1.456689342403628,141.4213562373095,Czech,Prague,R3,Male,25,conv
1.4616780045351474,141.4213562373095,Czech,Prague,R3,Male,25,conv
1.4666666666666666,139.79699341790194,Czech,Prague,R3,Male,25,conv
1.471655328798186,142.24060181972814,Czech,Prague,R3,Male,25,conv
1.476643990929705,141.4213562373095,Czech,Prague,R3,Male,25,conv
1.4816326530612245,139.79699341790194,Czech,Prague,R3,Male,25,conv
1.4866213151927439,138.99182198423372,Czech,Prague,R3,Male,25,conv
1.491609977324263,138.99182198423372,Czech,Prague,R3,Male,25,conv
1.4965986394557824,136.60402567543957,Czech,Prague,R3,Male,25,conv
1.5015873015873016,136.60402567543957,Czech,Prague,R3,Male,25,conv
1.506575963718821,135.03499461681898,Czech,Prague,R3,Male,25,conv
1.5115646258503401,135.03499461681898,Czech,Prague,R3,Male,25,conv
1.5165532879818595,134.25725027802633,Czech,Prague,R3,Male,25,conv
1.5215419501133787,133.48398541700342,Czech,Prague,R3,Male,25,conv
1.526530612244898,133.48398541700342,Czech,Prague,R3,Male,25,conv
1.5315192743764172,132.7151742338568,Czech,Prague,R3,Male,25,conv
1.5365079365079366,132.7151742338568,Czech,Prague,R3,Male,25,conv
1.5414965986394558,131.9507910772894,Czech,Prague,R3,Male,25,conv
1.5464852607709751,131.19081044374488,Czech,Prague,R3,Male,25,conv
1.5514739229024943,130.43520697655643,Czech,Prague,R3,Male,25,conv
1.5564625850340137,128.9370308439579,Czech,Prague,R3,Male,25,conv
1.5614512471655329,128.1944081920729,Czech,Prague,R3,Male,25,conv
1.5664399092970522,128.1944081920729,Czech,Prague,R3,Male,25,conv
1.5714285714285714,128.1944081920729,Czech,Prague,R3,Male,25,conv
1.5764172335600908,128.9370308439579,Czech,Prague,R3,Male,25,conv
1.58140589569161,129.68395546510095,Czech,Prague,R3,Male,25,conv
1.5863945578231293,130.43520697655643,Czech,Prague,R3,Male,25,conv
1.5913832199546485,131.9507910772894,Czech,Prague,R3,Male,25,conv
1.5963718820861679,131.9507910772894,Czech,Prague,R3,Male,25,conv
1.601360544217687,132.7151742338568,Czech,Prague,R3,Male,25,conv
1.6063492063492064,132.7151742338568,Czech,Prague,R3,Male,25,conv
1.6113378684807256,133.48398541700342,Czech,Prague,R3,Male,25,conv
1.616326530612245,133.48398541700342,Czech,Prague,R3,Male,25,conv
1.6213151927437641,133.48398541700342,Czech,Prague,R3,Male,25,conv
1.6263038548752835,133.48398541700342,Czech,Prague,R3,Male,25,conv
1.6312925170068027,134.25725027802633,Czech,Prague,R3,Male,25,conv
1.636281179138322,134.25725027802633,Czech,Prague,R3,Male,25,conv
1.6412698412698412,132.7151742338568,Czech,Prague,R3,Male,25,conv
1.6462585034013606,132.7151742338568,Czech,Prague,R3,Male,25,conv
1.6512471655328798,132.7151742338568,Czech,Prague,R3,Male,25,conv
1.6562358276643991,132.7151742338568,Czech,Prague,R3,Male,25,conv
1.6612244897959183,132.7151742338568,Czech,Prague,R3,Male,25,conv
1.6662131519274377,131.19081044374488,Czech,Prague,R3,Male,25,conv
1.6712018140589568,131.19081044374488,Czech,Prague,R3,Male,25,conv
1.6761904761904762,131.19081044374488,Czech,Prague,R3,Male,25,conv
1.6811791383219954,131.19081044374488,Czech,Prague,R3,Male,25,conv
1.6861678004535148,131.19081044374488,Czech,Prague,R3,Male,25,conv
1.691156462585034,131.19081044374488,Czech,Prague,R3,Male,25,conv
1.6961451247165533,130.43520697655643,Czech,Prague,R3,Male,25,conv
1.7011337868480725,128.9370308439579,Czech,Prague,R3,Male,25,conv
1.7061224489795919,128.9370308439579,Czech,Prague,R3,Male,25,conv
1.711111111111111,128.9370308439579,Czech,Prague,R3,Male,25,conv
1.7160997732426304,128.9370308439579,Czech,Prague,R3,Male,25,conv
1.7210884353741496,128.9370308439579,Czech,Prague,R3,Male,25,conv
1.726077097505669,128.9370308439579,Czech,Prague,R3,Male,25,conv
1.7310657596371881,130.43520697655643,Czech,Prague,R3,Male,25,conv
1.7360544217687075,130.43520697655643,Czech,Prague,R3,Male,25,conv
1.8009070294784582,137.39536474580893,Czech,Prague,R3,Male,25,conv
1.8058956916099773,138.19128799677762,Czech,Prague,R3,Male,25,conv
1.8108843537414967,137.39536474580893,Czech,Prague,R3,Male,25,conv
1.8158730158730159,136.60402567543957,Czech,Prague,R3,Male,25,conv
1.8208616780045352,134.25725027802633,Czech,Prague,R3,Male,25,conv
1.8258503401360544,134.25725027802633,Czech,Prague,R3,Male,25,conv
1.8308390022675738,135.03499461681898,Czech,Prague,R3,Male,25,conv
1.835827664399093,135.81724438273216,Czech,Prague,R3,Male,25,conv
1.8408163265306123,135.03499461681898,Czech,Prague,R3,Male,25,conv
1.8458049886621315,134.25725027802633,Czech,Prague,R3,Male,25,conv
1.8507936507936509,136.60402567543957,Czech,Prague,R3,Male,25,conv
1.85578231292517,135.81724438273216,Czech,Prague,R3,Male,25,conv
1.8607709750566894,136.60402567543957,Czech,Prague,R3,Male,25,conv
1.8657596371882086,135.81724438273216,Czech,Prague,R3,Male,25,conv
1.870748299319728,135.81724438273216,Czech,Prague,R3,Male,25,conv
1.8757369614512471,135.81724438273216,Czech,Prague,R3,Male,25,conv
1.8807256235827665,135.81724438273216,Czech,Prague,R3,Male,25,conv
1.8857142857142857,135.03499461681898,Czech,Prague,R3,Male,25,conv
1.890702947845805,135.03499461681898,Czech,Prague,R3,Male,25,conv
1.8956916099773242,135.03499461681898,Czech,Prague,R3,Male,25,conv
1.9006802721088436,135.03499461681898,Czech,Prague,R3,Male,25,conv
1.9056689342403628,134.25725027802633,Czech,Prague,R3,Male,25,conv
1.9106575963718821,132.7151742338568,Czech,Prague,R3,Male,25,conv
1.9156462585034013,131.19081044374488,Czech,Prague,R3,Male,25,conv
1.9206349206349207,130.43520697655643,Czech,Prague,R3,Male,25,conv
1.9256235827664399,129.68395546510095,Czech,Prague,R3,Male,25,conv
1.9306122448979592,129.68395546510095,Czech,Prague,R3,Male,25,conv
1.9356009070294784,129.68395546510095,Czech,Prague,R3,Male,25,conv
1.9405895691609978,130.43520697655643,Czech,Prague,R3,Male,25,conv
1.945578231292517,130.43520697655643,Czech,Prague,R3,Male,25,conv
1.9505668934240363,130.43520697655643,Czech,Prague,R3,Male,25,conv
1.9555555555555555,131.9507910772894,Czech,Prague,R3,Male,25,conv
1.9605442176870749,131.19081044374488,Czech,Prague,R3,Male,25,conv
1.965532879818594,131.19081044374488,Czech,Prague,R3,Male,25,conv
1.9705215419501134,131.19081044374488,Czech,Prague,R3,Male,25,conv
1.9755102040816326,131.19081044374488,Czech,Prague,R3,Male,25,conv
1.980498866213152,131.19081044374488,Czech,Prague,R3,Male,25,conv
1.9854875283446711,131.19081044374488,Czech,Prague,R3,Male,25,conv
1.9904761904761905,131.19081044374488,Czech,Prague,R3,Male,25,conv
1.9954648526077097,130.43520697655643,Czech,Prague,R3,Male,25,conv
2.000453514739229,130.43520697655643,Czech,Prague,R3,Male,25,conv
2.005442176870748,130.43520697655643,Czech,Prague,R3,Male,25,conv
2.0104308390022676,131.9507910772894,Czech,Prague,R3,Male,25,conv
2.015419501133787,131.9507910772894,Czech,Prague,R3,Male,25,conv
2.020408163265306,132.7151742338568,Czech,Prague,R3,Male,25,conv
2.0253968253968253,132.7151742338568,Czech,Prague,R3,Male,25,conv
2.0303854875283447,133.48398541700342,Czech,Prague,R3,Male,25,conv
2.035374149659864,134.25725027802633,Czech,Prague,R3,Male,25,conv
2.040362811791383,136.60402567543957,Czech,Prague,R3,Male,25,conv
2.0453514739229024,138.99182198423372,Czech,Prague,R3,Male,25,conv
2.050340136054422,138.99182198423372,Czech,Prague,R3,Male,25,conv
2.055328798185941,138.19128799677762,Czech,Prague,R3,Male,25,conv
2.06031746031746,137.39536474580893,Czech,Prague,R3,Male,25,conv
2.0653061224489795,137.39536474580893,Czech,Prague,R3,Male,25,conv
2.070294784580499,136.60402567543957,Czech,Prague,R3,Male,25,conv
2.0752834467120183,136.60402567543957,Czech,Prague,R3,Male,25,conv
2.080272108843537,136.60402567543957,Czech,Prague,R3,Male,25,conv
2.0852607709750566,135.81724438273216,Czech,Prague,R3,Male,25,conv
2.090249433106576,136.60402567543957,Czech,Prague,R3,Male,25,conv
2.0952380952380953,136.60402567543957,Czech,Prague,R3,Male,25,conv
2.1002267573696147,136.60402567543957,Czech,Prague,R3,Male,25,conv
2.1052154195011337,136.60402567543957,Czech,Prague,R3,Male,25,conv
2.110204081632653,137.39536474580893,Czech,Prague,R3,Male,25,conv
2.1151927437641724,136.60402567543957,Czech,Prague,R3,Male,25,conv
2.120181405895692,135.81724438273216,Czech,Prague,R3,Male,25,conv
2.1251700680272108,135.03499461681898,Czech,Prague,R3,Male,25,conv
2.13015873015873,134.25725027802633,Czech,Prague,R3,Male,25,conv
2.1351473922902495,134.25725027802633,Czech,Prague,R3,Male,25,conv
2.140136054421769,133.48398541700342,Czech,Prague,R3,Male,25,conv
2.145124716553288,131.19081044374488,Czech,Prague,R3,Male,25,conv
2.1501133786848072,131.19081044374488,Czech,Prague,R3,Male,25,conv
2.1551020408163266,131.19081044374488,Czech,Prague,R3,Male,25,conv
2.160090702947846,135.03499461681898,Czech,Prague,R3,Male,25,conv
2.165079365079365,135.03499461681898,Czech,Prague,R3,Male,25,conv
2.1700680272108843,135.81724438273216,Czech,Prague,R3,Male,25,conv
2.1750566893424037,135.03499461681898,Czech,Prague,R3,Male,25,conv
2.274829931972789,120.30250360821167,Czech,Prague,R3,Male,25,conv
2.2798185941043085,119.60961217374037,Czech,Prague,R3,Male,25,conv
2.2848072562358275,120.30250360821167,Czech,Prague,R3,Male,25,conv
2.289795918367347,120.30250360821167,Czech,Prague,R3,Male,25,conv
2.2947845804988662,119.60961217374037,Czech,Prague,R3,Male,25,conv
2.2997732426303856,119.60961217374037,Czech,Prague,R3,Male,25,conv
2.3047619047619046,119.60961217374037,Czech,Prague,R3,Male,25,conv
2.309750566893424,118.9207115002721,Czech,Prague,R3,Male,25,conv
2.3147392290249433,119.60961217374037,Czech,Prague,R3,Male,25,conv
2.3197278911564627,119.60961217374037,Czech,Prague,R3,Male,25,conv
2.3247165532879817,119.60961217374037,Czech,Prague,R3,Male,25,conv
2.329705215419501,119.60961217374037,Czech,Prague,R3,Male,25,conv
2.3346938775510204,119.60961217374037,Czech,Prague,R3,Male,25,conv
2.33968253968254,119.60961217374037,Czech,Prague,R3,Male,25,conv
2.3446712018140587,120.30250360821167,Czech,Prague,R3,Male,25,conv
2.349659863945578,120.99940892192926,Czech,Prague,R3,Male,25,conv
2.3546485260770975,120.30250360821167,Czech,Prague,R3,Male,25,conv
2.359637188208617,120.30250360821167,Czech,Prague,R3,Male,25,conv
2.364625850340136,119.60961217374037,Czech,Prague,R3,Male,25,conv
2.369614512471655,120.30250360821167,Czech,Prague,R3,Male,25,conv
2.3746031746031746,120.30250360821167,Czech,Prague,R3,Male,25,conv
2.379591836734694,120.99940892192926,Czech,Prague,R3,Male,25,conv
2.3845804988662134,120.30250360821167,Czech,Prague,R3,Male,25,conv
2.3895691609977323,120.99940892192926,Czech,Prague,R3,Male,25,conv
2.3945578231292517,119.60961217374037,Czech,Prague,R3,Male,25,conv
2.399546485260771,120.99940892192926,Czech,Prague,R3,Male,25,conv
2.4045351473922905,121.70035136705908,Czech,Prague,R3,Male,25,conv
2.4095238095238094,121.70035136705908,Czech,Prague,R3,Male,25,conv
2.414512471655329,125.99210498948732,Czech,Prague,R3,Male,25,conv
2.4693877551020407,107.17734625362931,Czech,Prague,R3,Male,25,conv
2.47437641723356,106.56005016284844,Czech,Prague,R3,Male,25,conv
2.4793650793650794,106.56005016284844,Czech,Prague,R3,Male,25,conv
2.484353741496599,106.56005016284844,Czech,Prague,R3,Male,25,conv
2.4893424036281178,106.56005016284844,Czech,Prague,R3,Male,25,conv
2.494331065759637,106.56005016284844,Czech,Prague,R3,Male,25,conv
2.4993197278911565,105.94630943592954,Czech,Prague,R3,Male,25,conv
2.504308390022676,105.94630943592954,Czech,Prague,R3,Male,25,conv
2.509297052154195,106.56005016284844,Czech,Prague,R3,Male,25,conv
2.5142857142857142,107.17734625362931,Czech,Prague,R3,Male,25,conv
2.5192743764172336,106.56005016284844,Czech,Prague,R3,Male,25,conv
2.524263038548753,106.56005016284844,Czech,Prague,R3,Male,25,conv
2.529251700680272,107.17734625362931,Czech,Prague,R3,Male,25,conv
2.5342403628117913,107.17734625362931,Czech,Prague,R3,Male,25,conv
2.5392290249433107,107.17734625362931,Czech,Prague,R3,Male,25,conv
2.54421768707483,107.17734625362931,Czech,Prague,R3,Male,25,conv
2.549206349206349,107.17734625362931,Czech,Prague,R3,Male,25,conv
2.5841269841269843,126.72196982870622,Czech,Prague,R3,Male,25,conv
2.589115646258503,123.82763603774403,Czech,Prague,R3,Male,25,conv
2.5941043083900226,124.54496223588232,Czech,Prague,R3,Male,25,conv
2.599092970521542,123.82763603774403,Czech,Prague,R3,Male,25,conv
2.6040816326530614,124.54496223588232,Czech,Prague,R3,Male,25,conv
2.6090702947845803,122.40535433046551,Czech,Prague,R3,Male,25,conv
2.6140589569160997,122.40535433046551,Czech,Prague,R3,Male,25,conv
2.619047619047619,122.40535433046551,Czech,Prague,R3,Male,25,conv
2.6240362811791385,122.40535433046551,Czech,Prague,R3,Male,25,conv
2.6290249433106574,121.70035136705908,Czech,Prague,R3,Male,25,conv
2.6340136054421768,120.99940892192926,Czech,Prague,R3,Male,25,conv
2.639002267573696,120.99940892192926,Czech,Prague,R3,Male,25,conv
2.6439909297052155,120.99940892192926,Czech,Prague,R3,Male,25,conv
2.6489795918367345,120.30250360821167,Czech,Prague,R3,Male,25,conv
2.653968253968254,120.30250360821167,Czech,Prague,R3,Male,25,conv
2.6589569160997732,119.60961217374037,Czech,Prague,R3,Male,25,conv
2.6639455782312926,119.60961217374037,Czech,Prague,R3,Male,25,conv
2.6689342403628116,119.60961217374037,Czech,Prague,R3,Male,25,conv
2.673922902494331,119.60961217374037,Czech,Prague,R3,Male,25,conv
2.6789115646258503,119.60961217374037,Czech,Prague,R3,Male,25,conv
2.6839002267573697,119.60961217374037,Czech,Prague,R3,Male,25,conv
2.688888888888889,119.60961217374037,Czech,Prague,R3,Male,25,conv
2.693877551020408,119.60961217374037,Czech,Prague,R3,Male,25,conv
2.6988662131519274,120.30250360821167,Czech,Prague,R3,Male,25,conv
2.703854875283447,118.23577860271482,Czech,Prague,R3,Male,25,conv
2.708843537414966,115.53526968722731,Czech,Prague,R3,Male,25,conv
2.713832199546485,114.20823393107717,Czech,Prague,R3,Male,25,conv
2.7188208616780045,113.55044290708771,Czech,Prague,R3,Male,25,conv
2.723809523809524,113.55044290708771,Czech,Prague,R3,Male,25,conv
2.81859410430839,250.53288772482563,Czech,Prague,R3,Male,25,conv
2.8235827664399094,251.98420997897463,Czech,Prague,R3,Male,25,conv
2.8285714285714287,250.53288772482563,Czech,Prague,R3,Male,25,conv
2.8335600907029477,250.53288772482563,Czech,Prague,R3,Male,25,conv
2.838548752834467,250.53288772482563,Czech,Prague,R3,Male,25,conv
2.8435374149659864,251.98420997897463,Czech,Prague,R3,Male,25,conv
2.848526077097506,251.98420997897463,Czech,Prague,R3,Male,25,conv
2.8535147392290248,253.44393965741244,Czech,Prague,R3,Male,25,conv
2.858503401360544,254.91212546385245,Czech,Prague,R3,Male,25,conv
2.8634920634920635,256.3888163841458,Czech,Prague,R3,Male,25,conv
2.868480725623583,257.8740616879158,Czech,Prague,R3,Male,25,conv
2.873469387755102,260.87041395311286,Czech,Prague,R3,Male,25,conv
2.8784580498866212,263.9015821545788,Czech,Prague,R3,Male,25,conv
2.8834467120181406,265.4303484677136,Czech,Prague,R3,Male,25,conv
2.88843537414966,270.06998923363795,Czech,Prague,R3,Male,25,conv
2.893424036281179,271.6344887654643,Czech,Prague,R3,Male,25,conv
2.8984126984126983,286.12918648705164,Czech,Prague,R3,Male,25,conv
2.9034013605442177,287.786716002164,Czech,Prague,R3,Male,25,conv
2.908390022675737,287.786716002164,Czech,Prague,R3,Male,25,conv
2.913378684807256,284.4812036394563,Czech,Prague,R3,Male,25,conv
2.9183673469387754,281.2136583244699,Czech,Prague,R3,Male,25,conv
2.923356009070295,276.38257599355524,Czech,Prague,R3,Male,25,conv
2.928344671201814,274.79072949161787,Czech,Prague,R3,Male,25,conv
2.933333333333333,271.6344887654643,Czech,Prague,R3,Male,25,conv
2.9383219954648525,271.6344887654643,Czech,Prague,R3,Male,25,conv
2.943310657596372,271.6344887654643,Czech,Prague,R3,Male,25,conv
2.9482993197278913,271.6344887654643,Czech,Prague,R3,Male,25,conv
2.95328798185941,271.6344887654643,Czech,Prague,R3,Male,25,conv
2.9582766439909296,273.20805135087915,Czech,Prague,R3,Male,25,conv
2.963265306122449,273.20805135087915,Czech,Prague,R3,Male,25,conv
2.9682539682539684,271.6344887654643,Czech,Prague,R3,Male,25,conv
2.9732426303854878,268.51450055605267,Czech,Prague,R3,Male,25,conv
2.9782312925170067,263.9015821545788,Czech,Prague,R3,Male,25,conv
3.0081632653061225,241.9988178438585,Czech,Prague,R3,Male,25,conv
3.013151927437642,241.9988178438585,Czech,Prague,R3,Male,25,conv
3.018140589569161,241.9988178438585,Czech,Prague,R3,Male,25,conv
3.0231292517006803,241.9988178438585,Czech,Prague,R3,Male,25,conv
3.0281179138321996,241.9988178438585,Czech,Prague,R3,Male,25,conv
3.033106575963719,241.9988178438585,Czech,Prague,R3,Male,25,conv
3.1029478458049886,244.81070866093103,Czech,Prague,R3,Male,25,conv
3.107936507936508,243.40070273411817,Czech,Prague,R3,Male,25,conv
3.1129251700680274,243.40070273411817,Czech,Prague,R3,Male,25,conv
3.1179138321995463,244.81070866093103,Czech,Prague,R3,Male,25,conv
3.1229024943310657,241.9988178438585,Czech,Prague,R3,Male,25,conv
3.127891156462585,241.9988178438585,Czech,Prague,R3,Male,25,conv
3.1328798185941045,244.81070866093103,Czech,Prague,R3,Male,25,conv
3.1378684807256234,244.81070866093103,Czech,Prague,R3,Male,25,conv
3.142857142857143,244.81070866093103,Czech,Prague,R3,Male,25,conv
3.147845804988662,246.2288826689832,Czech,Prague,R3,Male,25,conv
3.1528344671201816,246.2288826689832,Czech,Prague,R3,Male,25,conv
3.1578231292517005,246.2288826689832,Czech,Prague,R3,Male,25,conv
3.16281179138322,246.2288826689832,Czech,Prague,R3,Male,25,conv
3.1678004535147393,247.65527207548806,Czech,Prague,R3,Male,25,conv
3.1727891156462587,247.65527207548806,Czech,Prague,R3,Male,25,conv
3.1777777777777776,247.65527207548806,Czech,Prague,R3,Male,25,conv
3.182766439909297,247.65527207548806,Czech,Prague,R3,Male,25,conv
3.23265306122449,152.4497023255762,Czech,Prague,R3,Male,25,conv
3.237641723356009,152.4497023255762,Czech,Prague,R3,Male,25,conv
3.2426303854875282,152.4497023255762,Czech,Prague,R3,Male,25,conv
3.2476190476190476,152.4497023255762,Czech,Prague,R3,Male,25,conv
3.252607709750567,151.57165665103983,Czech,Prague,R3,Male,25,conv
3.257596371882086,151.57165665103983,Czech,Prague,R3,Male,25,conv
3.2625850340136053,151.57165665103983,Czech,Prague,R3,Male,25,conv
3.2675736961451247,151.57165665103983,Czech,Prague,R3,Male,25,conv
3.272562358276644,151.57165665103983,Czech,Prague,R3,Male,25,conv
3.2775510204081635,151.57165665103983,Czech,Prague,R3,Male,25,conv
3.2825396825396824,151.57165665103983,Czech,Prague,R3,Male,25,conv
3.287528344671202,151.57165665103983,Czech,Prague,R3,Male,25,conv
3.292517006802721,150.6986681474576,Czech,Prague,R3,Male,25,conv
3.2975056689342406,150.6986681474576,Czech,Prague,R3,Male,25,conv
3.3024943310657595,150.6986681474576,Czech,Prague,R3,Male,25,conv
3.307482993197279,149.83070768766817,Czech,Prague,R3,Male,25,conv
3.3124716553287983,149.83070768766817,Czech,Prague,R3,Male,25,conv
3.3174603174603177,149.83070768766817,Czech,Prague,R3,Male,25,conv
3.3224489795918366,150.6986681474576,Czech,Prague,R3,Male,25,conv
3.327437641723356,150.6986681474576,Czech,Prague,R3,Male,25,conv
3.3324263038548754,150.6986681474576,Czech,Prague,R3,Male,25,conv
3.3374149659863948,150.6986681474576,Czech,Prague,R3,Male,25,conv
3.3424036281179137,150.6986681474576,Czech,Prague,R3,Male,25,conv
3.347392290249433,150.6986681474576,Czech,Prague,R3,Male,25,conv
3.3523809523809525,150.6986681474576,Czech,Prague,R3,Male,25,conv
3.357369614512472,150.6986681474576,Czech,Prague,R3,Male,25,conv
3.362358276643991,150.6986681474576,Czech,Prague,R3,Male,25,conv
3.36734693877551,151.57165665103983,Czech,Prague,R3,Male,25,conv
3.3723356009070296,151.57165665103983,Czech,Prague,R3,Male,25,conv
3.377324263038549,152.4497023255762,Czech,Prague,R3,Male,25,conv
3.382312925170068,153.33283446696007,Czech,Prague,R3,Male,25,conv
3.3873015873015873,153.33283446696007,Czech,Prague,R3,Male,25,conv
3.3922902494331066,154.22108254079407,Czech,Prague,R3,Male,25,conv
3.397278911564626,154.22108254079407,Czech,Prague,R3,Male,25,conv
3.402267573696145,154.22108254079407,Czech,Prague,R3,Male,25,conv
3.4072562358276643,154.22108254079407,Czech,Prague,R3,Male,25,conv
3.4122448979591837,153.33283446696007,Czech,Prague,R3,Male,25,conv
3.417233560090703,153.33283446696007,Czech,Prague,R3,Male,25,conv
3.422222222222222,153.33283446696007,Czech,Prague,R3,Male,25,conv
3.4272108843537414,153.33283446696007,Czech,Prague,R3,Male,25,conv
3.432199546485261,153.33283446696007,Czech,Prague,R3,Male,25,conv
3.43718820861678,153.33283446696007,Czech,Prague,R3,Male,25,conv
3.442176870748299,152.4497023255762,Czech,Prague,R3,Male,25,conv
3.4471655328798185,152.4497023255762,Czech,Prague,R3,Male,25,conv
3.452154195011338,152.4497023255762,Czech,Prague,R3,Male,25,conv
3.4571428571428573,152.4497023255762,Czech,Prague,R3,Male,25,conv
3.4621315192743762,151.57165665103983,Czech,Prague,R3,Male,25,conv
3.4671201814058956,151.57165665103983,Czech,Prague,R3,Male,25,conv
3.472108843537415,151.57165665103983,Czech,Prague,R3,Male,25,conv
3.4770975056689344,151.57165665103983,Czech,Prague,R3,Male,25,conv
3.4820861678004533,151.57165665103983,Czech,Prague,R3,Male,25,conv
3.4870748299319727,151.57165665103983,Czech,Prague,R3,Male,25,conv
3.492063492063492,151.57165665103983,Czech,Prague,R3,Male,25,conv
3.4970521541950115,151.57165665103983,Czech,Prague,R3,Male,25,conv
3.5020408163265304,151.57165665103983,Czech,Prague,R3,Male,25,conv
3.50702947845805,150.6986681474576,Czech,Prague,R3,Male,25,conv
3.512018140589569,150.6986681474576,Czech,Prague,R3,Male,25,conv
3.5170068027210886,151.57165665103983,Czech,Prague,R3,Male,25,conv
3.5219954648526075,151.57165665103983,Czech,Prague,R3,Male,25,conv
3.526984126984127,151.57165665103983,Czech,Prague,R3,Male,25,conv
3.5319727891156463,151.57165665103983,Czech,Prague,R3,Male,25,conv
3.5369614512471657,151.57165665103983,Czech,Prague,R3,Male,25,conv
3.5419501133786846,151.57165665103983,Czech,Prague,R3,Male,25,conv
3.546938775510204,151.57165665103983,Czech,Prague,R3,Male,25,conv
3.5519274376417234,150.6986681474576,Czech,Prague,R3,Male,25,conv
3.5569160997732427,150.6986681474576,Czech,Prague,R3,Male,25,conv
3.5619047619047617,150.6986681474576,Czech,Prague,R3,Male,25,conv
3.566893424036281,150.6986681474576,Czech,Prague,R3,Male,25,conv
3.5718820861678005,150.6986681474576,Czech,Prague,R3,Male,25,conv
3.57687074829932,149.83070768766817,Czech,Prague,R3,Male,25,conv
3.581859410430839,149.83070768766817,Czech,Prague,R3,Male,25,conv
3.586848072562358,149.83070768766817,Czech,Prague,R3,Male,25,conv
3.5918367346938775,149.83070768766817,Czech,Prague,R3,Male,25,conv
3.596825396825397,149.83070768766817,Czech,Prague,R3,Male,25,conv
3.6018140589569163,149.83070768766817,Czech,Prague,R3,Male,25,conv
3.6068027210884352,149.83070768766817,Czech,Prague,R3,Male,25,conv
3.6117913832199546,149.83070768766817,Czech,Prague,R3,Male,25,conv
3.616780045351474,149.83070768766817,Czech,Prague,R3,Male,25,conv
3.6217687074829934,149.83070768766817,Czech,Prague,R3,Male,25,conv
3.6267573696145123,149.83070768766817,Czech,Prague,R3,Male,25,conv
3.6317460317460317,149.83070768766817,Czech,Prague,R3,Male,25,conv
3.636734693877551,149.83070768766817,Czech,Prague,R3,Male,25,conv
3.6417233560090705,149.83070768766817,Czech,Prague,R3,Male,25,conv
3.6467120181405894,149.83070768766817,Czech,Prague,R3,Male,25,conv
3.651700680272109,149.83070768766817,Czech,Prague,R3,Male,25,conv
3.656689342403628,149.83070768766817,Czech,Prague,R3,Male,25,conv
3.6616780045351476,148.96774631227026,Czech,Prague,R3,Male,25,conv
3.6666666666666665,148.96774631227026,Czech,Prague,R3,Male,25,conv
3.671655328798186,148.96774631227026,Czech,Prague,R3,Male,25,conv
3.6766439909297053,148.96774631227026,Czech,Prague,R3,Male,25,conv
3.6816326530612247,148.96774631227026,Czech,Prague,R3,Male,25,conv
3.6866213151927436,148.96774631227026,Czech,Prague,R3,Male,25,conv
3.691609977324263,148.96774631227026,Czech,Prague,R3,Male,25,conv
3.6965986394557824,148.96774631227026,Czech,Prague,R3,Male,25,conv
3.7015873015873018,148.96774631227026,Czech,Prague,R3,Male,25,conv
3.7065759637188207,148.96774631227026,Czech,Prague,R3,Male,25,conv
3.71156462585034,148.96774631227026,Czech,Prague,R3,Male,25,conv
3.7165532879818595,148.96774631227026,Czech,Prague,R3,Male,25,conv
3.721541950113379,148.96774631227026,Czech,Prague,R3,Male,25,conv
3.726530612244898,148.96774631227026,Czech,Prague,R3,Male,25,conv
3.731519274376417,148.96774631227026,Czech,Prague,R3,Male,25,conv
3.7365079365079366,149.83070768766817,Czech,Prague,R3,Male,25,conv
3.741496598639456,149.83070768766817,Czech,Prague,R3,Male,25,conv
3.746485260770975,149.83070768766817,Czech,Prague,R3,Male,25,conv
3.7514739229024943,149.83070768766817,Czech,Prague,R3,Male,25,conv
3.7564625850340136,149.83070768766817,Czech,Prague,R3,Male,25,conv
3.761451247165533,149.83070768766817,Czech,Prague,R3,Male,25,conv
3.766439909297052,149.83070768766817,Czech,Prague,R3,Male,25,conv
3.7714285714285714,148.96774631227026,Czech,Prague,R3,Male,25,conv
3.7764172335600907,150.6986681474576,Czech,Prague,R3,Male,25,conv
3.78140589569161,148.96774631227026,Czech,Prague,R3,Male,25,conv
3.786394557823129,148.96774631227026,Czech,Prague,R3,Male,25,conv
3.7913832199546484,148.96774631227026,Czech,Prague,R3,Male,25,conv
3.796371882086168,148.96774631227026,Czech,Prague,R3,Male,25,conv
3.801360544217687,148.96774631227026,Czech,Prague,R3,Male,25,conv
3.806349206349206,148.96774631227026,Czech,Prague,R3,Male,25,conv
3.8113378684807255,148.96774631227026,Czech,Prague,R3,Male,25,conv
3.816326530612245,148.96774631227026,Czech,Prague,R3,Male,25,conv
3.8213151927437643,148.96774631227026,Czech,Prague,R3,Male,25,conv
3.8263038548752832,148.96774631227026,Czech,Prague,R3,Male,25,conv
3.8312925170068026,148.96774631227026,Czech,Prague,R3,Male,25,conv
3.836281179138322,148.96774631227026,Czech,Prague,R3,Male,25,conv
3.8412698412698414,148.96774631227026,Czech,Prague,R3,Male,25,conv
3.8462585034013603,148.96774631227026,Czech,Prague,R3,Male,25,conv
3.891156462585034,176.13317471922971,Czech,Prague,R3,Male,25,conv
3.8961451247165533,181.29427068562208,Czech,Prague,R3,Male,25,conv
3.9011337868480727,180.25009252216606,Czech,Prague,R3,Male,25,conv
3.906122448979592,180.25009252216606,Czech,Prague,R3,Male,25,conv
3.911111111111111,180.25009252216606,Czech,Prague,R3,Male,25,conv
3.9160997732426304,185.5318233882619,Czech,Prague,R3,Male,25,conv
3.9210884353741497,185.5318233882619,Czech,Prague,R3,Male,25,conv
3.926077097505669,193.18726578496916,Czech,Prague,R3,Male,25,conv
3.931065759637188,193.18726578496916,Czech,Prague,R3,Male,25,conv
3.9360544217687075,193.18726578496916,Czech,Prague,R3,Male,25,conv
3.941043083900227,197.70280407057922,Czech,Prague,R3,Male,25,conv
3.9460317460317462,196.56411970905023,Czech,Prague,R3,Male,25,conv
3.951020408163265,197.70280407057922,Czech,Prague,R3,Male,25,conv
3.9560090702947845,197.70280407057922,Czech,Prague,R3,Male,25,conv
3.960997732426304,197.70280407057922,Czech,Prague,R3,Male,25,conv
3.9659863945578233,196.56411970905023,Czech,Prague,R3,Male,25,conv
3.9709750566893423,196.56411970905023,Czech,Prague,R3,Male,25,conv
3.9759637188208616,196.56411970905023,Czech,Prague,R3,Male,25,conv
3.980952380952381,196.56411970905023,Czech,Prague,R3,Male,25,conv
3.9859410430839004,197.70280407057922,Czech,Prague,R3,Male,25,conv
3.9909297052154193,195.4319936868492,Czech,Prague,R3,Male,25,conv
3.9959183673469387,193.18726578496916,Czech,Prague,R3,Male,25,conv
4.020861678004535,151.57165665103983,Czech,Prague,R3,Male,25,conv
4.025850340136055,148.96774631227026,Czech,Prague,R3,Male,25,conv
4.030839002267574,147.25670581005255,Czech,Prague,R3,Male,25,conv
4.035827664399093,145.56531828421873,Czech,Prague,R3,Male,25,conv
4.040816326530612,144.7269237440378,Czech,Prague,R3,Male,25,conv
4.045804988662131,143.06459324352582,Czech,Prague,R3,Male,25,conv
4.050793650793651,143.893358001082,Czech,Prague,R3,Male,25,conv
4.05578231292517,143.06459324352582,Czech,Prague,R3,Male,25,conv
4.060770975056689,143.06459324352582,Czech,Prague,R3,Male,25,conv
4.065759637188209,143.893358001082,Czech,Prague,R3,Male,25,conv
4.070748299319728,144.7269237440378,Czech,Prague,R3,Male,25,conv
4.0757369614512475,144.7269237440378,Czech,Prague,R3,Male,25,conv
4.080725623582766,144.7269237440378,Czech,Prague,R3,Male,25,conv
4.085714285714285,144.7269237440378,Czech,Prague,R3,Male,25,conv
4.090702947845805,144.7269237440378,Czech,Prague,R3,Male,25,conv
4.095691609977324,144.7269237440378,Czech,Prague,R3,Male,25,conv
4.100680272108844,143.893358001082,Czech,Prague,R3,Male,25,conv
4.105668934240363,143.893358001082,Czech,Prague,R3,Male,25,conv
4.110657596371882,143.893358001082,Czech,Prague,R3,Male,25,conv
4.115646258503402,143.893358001082,Czech,Prague,R3,Male,25,conv
4.12063492063492,143.06459324352582,Czech,Prague,R3,Male,25,conv
4.12562358276644,143.06459324352582,Czech,Prague,R3,Male,25,conv
4.130612244897959,143.06459324352582,Czech,Prague,R3,Male,25,conv
4.135600907029478,143.06459324352582,Czech,Prague,R3,Male,25,conv
4.140589569160998,143.06459324352582,Czech,Prague,R3,Male,25,conv
4.145578231292517,143.06459324352582,Czech,Prague,R3,Male,25,conv
4.1505668934240365,143.06459324352582,Czech,Prague,R3,Male,25,conv
4.155555555555556,143.06459324352582,Czech,Prague,R3,Male,25,conv
4.160544217687074,143.06459324352582,Czech,Prague,R3,Male,25,conv
4.165532879818594,143.06459324352582,Czech,Prague,R3,Male,25,conv
4.170521541950113,143.06459324352582,Czech,Prague,R3,Male,25,conv
4.1755102040816325,143.06459324352582,Czech,Prague,R3,Male,25,conv
4.180498866213152,143.893358001082,Czech,Prague,R3,Male,25,conv
4.185487528344671,143.893358001082,Czech,Prague,R3,Male,25,conv
4.190476190476191,144.7269237440378,Czech,Prague,R3,Male,25,conv
4.19546485260771,144.7269237440378,Czech,Prague,R3,Male,25,conv
4.2004535147392295,144.7269237440378,Czech,Prague,R3,Male,25,conv
4.205442176870748,146.40856959456252,Czech,Prague,R3,Male,25,conv
4.210430839002267,148.10975522865644,Czech,Prague,R3,Male,25,conv
4.215419501133787,148.10975522865644,Czech,Prague,R3,Male,25,conv
4.220408163265306,148.96774631227026,Czech,Prague,R3,Male,25,conv
4.2253968253968255,148.96774631227026,Czech,Prague,R3,Male,25,conv
4.230385487528345,149.83070768766817,Czech,Prague,R3,Male,25,conv
4.235374149659864,148.96774631227026,Czech,Prague,R3,Male,25,conv
4.240362811791384,149.83070768766817,Czech,Prague,R3,Male,25,conv
4.245351473922902,149.83070768766817,Czech,Prague,R3,Male,25,conv
4.2503401360544215,149.83070768766817,Czech,Prague,R3,Male,25,conv
4.255328798185941,149.83070768766817,Czech,Prague,R3,Male,25,conv
4.26031746031746,149.83070768766817,Czech,Prague,R3,Male,25,conv
4.26530612244898,149.83070768766817,Czech,Prague,R3,Male,25,conv
4.270294784580499,149.83070768766817,Czech,Prague,R3,Male,25,conv
4.275283446712018,149.83070768766817,Czech,Prague,R3,Male,25,conv
4.280272108843538,149.83070768766817,Czech,Prague,R3,Male,25,conv
4.285260770975056,149.83070768766817,Czech,Prague,R3,Male,25,conv
4.290249433106576,150.6986681474576,Czech,Prague,R3,Male,25,conv
4.295238095238095,150.6986681474576,Czech,Prague,R3,Male,25,conv
4.3002267573696145,149.83070768766817,Czech,Prague,R3,Male,25,conv
4.305215419501134,149.83070768766817,Czech,Prague,R3,Male,25,conv
4.310204081632653,148.96774631227026,Czech,Prague,R3,Male,25,conv
4.315192743764173,148.96774631227026,Czech,Prague,R3,Male,25,conv
4.320181405895692,147.25670581005255,Czech,Prague,R3,Male,25,conv
4.3251700680272105,145.56531828421873,Czech,Prague,R3,Male,25,conv
4.33015873015873,142.24060181972814,Czech,Prague,R3,Male,25,conv
4.335147392290249,142.24060181972814,Czech,Prague,R3,Male,25,conv
4.340136054421769,141.4213562373095,Czech,Prague,R3,Male,25,conv
4.345124716553288,140.60682916223496,Czech,Prague,R3,Male,25,conv
4.350113378684807,140.60682916223496,Czech,Prague,R3,Male,25,conv
4.355102040816327,141.4213562373095,Czech,Prague,R3,Male,25,conv
4.360090702947846,142.24060181972814,Czech,Prague,R3,Male,25,conv
4.365079365079365,147.25670581005255,Czech,Prague,R3,Male,25,conv
4.370068027210884,148.10975522865644,Czech,Prague,R3,Male,25,conv
4.375056689342403,148.10975522865644,Czech,Prague,R3,Male,25,conv
4.380045351473923,147.25670581005255,Czech,Prague,R3,Male,25,conv
4.390022675736962,138.19128799677762,Czech,Prague,R3,Male,25,conv
4.395011337868481,137.39536474580893,Czech,Prague,R3,Male,25,conv
4.4,136.60402567543957,Czech,Prague,R3,Male,25,conv
4.404988662131519,135.81724438273216,Czech,Prague,R3,Male,25,conv
4.409977324263038,136.60402567543957,Czech,Prague,R3,Male,25,conv
4.414965986394558,136.60402567543957,Czech,Prague,R3,Male,25,conv
4.419954648526077,136.60402567543957,Czech,Prague,R3,Male,25,conv
4.424943310657596,136.60402567543957,Czech,Prague,R3,Male,25,conv
4.429931972789116,136.60402567543957,Czech,Prague,R3,Male,25,conv
4.434920634920635,136.60402567543957,Czech,Prague,R3,Male,25,conv
4.4399092970521545,136.60402567543957,Czech,Prague,R3,Male,25,conv
4.444897959183673,136.60402567543957,Czech,Prague,R3,Male,25,conv
4.449886621315192,136.60402567543957,Czech,Prague,R3,Male,25,conv
4.454875283446712,136.60402567543957,Czech,Prague,R3,Male,25,conv
4.459863945578231,136.60402567543957,Czech,Prague,R3,Male,25,conv
4.464852607709751,135.81724438273216,Czech,Prague,R3,Male,25,conv
4.46984126984127,135.81724438273216,Czech,Prague,R3,Male,25,conv
4.474829931972789,135.81724438273216,Czech,Prague,R3,Male,25,conv
4.479818594104309,135.81724438273216,Czech,Prague,R3,Male,25,conv
4.484807256235828,135.81724438273216,Czech,Prague,R3,Male,25,conv
4.489795918367347,135.81724438273216,Czech,Prague,R3,Male,25,conv
4.494784580498866,135.81724438273216,Czech,Prague,R3,Male,25,conv
4.499773242630385,135.81724438273216,Czech,Prague,R3,Male,25,conv
4.504761904761905,135.81724438273216,Czech,Prague,R3,Male,25,conv
4.509750566893424,135.81724438273216,Czech,Prague,R3,Male,25,conv
4.5147392290249435,135.03499461681898,Czech,Prague,R3,Male,25,conv
4.519727891156463,135.81724438273216,Czech,Prague,R3,Male,25,conv
4.524716553287982,135.81724438273216,Czech,Prague,R3,Male,25,conv
4.529705215419501,135.81724438273216,Czech,Prague,R3,Male,25,conv
4.53469387755102,135.81724438273216,Czech,Prague,R3,Male,25,conv
4.5396825396825395,135.81724438273216,Czech,Prague,R3,Male,25,conv
4.544671201814059,136.60402567543957,Czech,Prague,R3,Male,25,conv
4.549659863945578,136.60402567543957,Czech,Prague,R3,Male,25,conv
4.554648526077098,136.60402567543957,Czech,Prague,R3,Male,25,conv
4.559637188208617,136.60402567543957,Czech,Prague,R3,Male,25,conv
4.5646258503401365,136.60402567543957,Czech,Prague,R3,Male,25,conv
4.569614512471655,136.60402567543957,Czech,Prague,R3,Male,25,conv
4.574603174603174,136.60402567543957,Czech,Prague,R3,Male,25,conv
4.579591836734694,136.60402567543957,Czech,Prague,R3,Male,25,conv
4.584580498866213,136.60402567543957,Czech,Prague,R3,Male,25,conv
4.5895691609977325,136.60402567543957,Czech,Prague,R3,Male,25,conv
4.594557823129252,136.60402567543957,Czech,Prague,R3,Male,25,conv
4.599546485260771,136.60402567543957,Czech,Prague,R3,Male,25,conv
4.604535147392291,136.60402567543957,Czech,Prague,R3,Male,25,conv
4.609523809523809,136.60402567543957,Czech,Prague,R3,Male,25,conv
4.6145124716553285,136.60402567543957,Czech,Prague,R3,Male,25,conv
4.619501133786848,136.60402567543957,Czech,Prague,R3,Male,25,conv
4.624489795918367,136.60402567543957,Czech,Prague,R3,Male,25,conv
4.629478458049887,136.60402567543957,Czech,Prague,R3,Male,25,conv
4.634467120181406,136.60402567543957,Czech,Prague,R3,Male,25,conv
4.639455782312925,136.60402567543957,Czech,Prague,R3,Male,25,conv
4.644444444444445,136.60402567543957,Czech,Prague,R3,Male,25,conv
4.649433106575963,136.60402567543957,Czech,Prague,R3,Male,25,conv
4.654421768707483,135.81724438273216,Czech,Prague,R3,Male,25,conv
4.659410430839002,135.81724438273216,Czech,Prague,R3,Male,25,conv
4.6643990929705215,135.81724438273216,Czech,Prague,R3,Male,25,conv
4.669387755102041,135.81724438273216,Czech,Prague,R3,Male,25,conv
4.67437641723356,135.81724438273216,Czech,Prague,R3,Male,25,conv
4.67936507936508,135.81724438273216,Czech,Prague,R3,Male,25,conv
4.684353741496599,136.60402567543957,Czech,Prague,R3,Male,25,conv
4.6893424036281175,136.60402567543957,Czech,Prague,R3,Male,25,conv
4.694331065759637,136.60402567543957,Czech,Prague,R3,Male,25,conv
4.699319727891156,136.60402567543957,Czech,Prague,R3,Male,25,conv
4.704308390022676,136.60402567543957,Czech,Prague,R3,Male,25,conv
4.709297052154195,136.60402567543957,Czech,Prague,R3,Male,25,conv
4.714285714285714,136.60402567543957,Czech,Prague,R3,Male,25,conv
4.719274376417234,137.39536474580893,Czech,Prague,R3,Male,25,conv
4.724263038548753,136.60402567543957,Czech,Prague,R3,Male,25,conv
4.729251700680272,135.81724438273216,Czech,Prague,R3,Male,25,conv
4.734240362811791,137.39536474580893,Czech,Prague,R3,Male,25,conv
4.73922902494331,137.39536474580893,Czech,Prague,R3,Male,25,conv
4.74421768707483,138.19128799677762,Czech,Prague,R3,Male,25,conv
4.749206349206349,138.19128799677762,Czech,Prague,R3,Male,25,conv
4.754195011337869,138.99182198423372,Czech,Prague,R3,Male,25,conv
4.759183673469388,141.4213562373095,Czech,Prague,R3,Male,25,conv
4.764172335600907,141.4213562373095,Czech,Prague,R3,Male,25,conv
4.769160997732427,140.60682916223496,Czech,Prague,R3,Male,25,conv
4.774149659863945,140.60682916223496,Czech,Prague,R3,Male,25,conv
4.779138321995465,140.60682916223496,Czech,Prague,R3,Male,25,conv
4.784126984126984,140.60682916223496,Czech,Prague,R3,Male,25,conv
4.789115646258503,139.79699341790194,Czech,Prague,R3,Male,25,conv
4.794104308390023,139.79699341790194,Czech,Prague,R3,Male,25,conv
4.799092970521542,138.99182198423372,Czech,Prague,R3,Male,25,conv
4.8040816326530615,138.99182198423372,Czech,Prague,R3,Male,25,conv
4.809070294784581,139.79699341790194,Czech,Prague,R3,Male,25,conv
4.814058956916099,138.99182198423372,Czech,Prague,R3,Male,25,conv
4.819047619047619,138.99182198423372,Czech,Prague,R3,Male,25,conv
4.824036281179138,138.19128799677762,Czech,Prague,R3,Male,25,conv
4.829024943310658,138.99182198423372,Czech,Prague,R3,Male,25,conv
4.858956916099773,143.06459324352582,Czech,Prague,R3,Male,25,conv
4.863945578231292,143.893358001082,Czech,Prague,R3,Male,25,conv
4.868934240362812,145.56531828421873,Czech,Prague,R3,Male,25,conv
4.873922902494331,145.56531828421873,Czech,Prague,R3,Male,25,conv
4.8789115646258505,145.56531828421873,Czech,Prague,R3,Male,25,conv
4.88390022675737,142.24060181972814,Czech,Prague,R3,Male,25,conv
4.898866213151927,139.79699341790194,Czech,Prague,R3,Male,25,conv
4.9038548752834465,139.79699341790194,Czech,Prague,R3,Male,25,conv
4.908843537414966,140.60682916223496,Czech,Prague,R3,Male,25,conv
4.913832199546485,141.4213562373095,Czech,Prague,R3,Male,25,conv
4.918820861678005,141.4213562373095,Czech,Prague,R3,Male,25,conv
4.923809523809524,140.60682916223496,Czech,Prague,R3,Male,25,conv
4.9287981859410435,138.99182198423372,Czech,Prague,R3,Male,25,conv
4.933786848072562,138.99182198423372,Czech,Prague,R3,Male,25,conv
4.938775510204081,138.99182198423372,Czech,Prague,R3,Male,25,conv
4.943764172335601,138.99182198423372,Czech,Prague,R3,Male,25,conv
4.94875283446712,137.39536474580893,Czech,Prague,R3,Male,25,conv
4.9537414965986395,137.39536474580893,Czech,Prague,R3,Male,25,conv
4.958730158730159,137.39536474580893,Czech,Prague,R3,Male,25,conv
4.963718820861678,136.60402567543957,Czech,Prague,R3,Male,25,conv
4.968707482993198,136.60402567543957,Czech,Prague,R3,Male,25,conv
4.973696145124716,136.60402567543957,Czech,Prague,R3,Male,25,conv
4.9786848072562355,135.81724438273216,Czech,Prague,R3,Male,25,conv
4.983673469387755,135.81724438273216,Czech,Prague,R3,Male,25,conv
4.988662131519274,135.03499461681898,Czech,Prague,R3,Male,25,conv
4.993650793650794,135.03499461681898,Czech,Prague,R3,Male,25,conv
4.998639455782313,135.03499461681898,Czech,Prague,R3,Male,25,conv
5.003628117913832,134.25725027802633,Czech,Prague,R3,Male,25,conv
5.008616780045352,134.25725027802633,Czech,Prague,R3,Male,25,conv
5.01360544217687,134.25725027802633,Czech,Prague,R3,Male,25,conv
5.01859410430839,133.48398541700342,Czech,Prague,R3,Male,25,conv
5.023582766439909,134.25725027802633,Czech,Prague,R3,Male,25,conv
5.0285714285714285,135.03499461681898,Czech,Prague,R3,Male,25,conv
5.033560090702948,135.03499461681898,Czech,Prague,R3,Male,25,conv
5.038548752834467,134.25725027802633,Czech,Prague,R3,Male,25,conv
5.043537414965987,134.25725027802633,Czech,Prague,R3,Male,25,conv
5.048526077097506,134.25725027802633,Czech,Prague,R3,Male,25,conv
5.0535147392290245,134.25725027802633,Czech,Prague,R3,Male,25,conv
5.058503401360544,134.25725027802633,Czech,Prague,R3,Male,25,conv
5.063492063492063,133.48398541700342,Czech,Prague,R3,Male,25,conv
5.068480725623583,134.25725027802633,Czech,Prague,R3,Male,25,conv
5.073469387755102,135.03499461681898,Czech,Prague,R3,Male,25,conv
5.078458049886621,134.25725027802633,Czech,Prague,R3,Male,25,conv
5.083446712018141,134.25725027802633,Czech,Prague,R3,Male,25,conv
5.08843537414966,135.03499461681898,Czech,Prague,R3,Male,25,conv
5.09342403628118,136.60402567543957,Czech,Prague,R3,Male,25,conv
5.098412698412698,138.19128799677762,Czech,Prague,R3,Male,25,conv
5.1034013605442174,137.39536474580893,Czech,Prague,R3,Male,25,conv
5.108390022675737,136.60402567543957,Czech,Prague,R3,Male,25,conv
5.113378684807256,136.60402567543957,Czech,Prague,R3,Male,25,conv
5.118367346938776,135.81724438273216,Czech,Prague,R3,Male,25,conv
5.123356009070295,135.81724438273216,Czech,Prague,R3,Male,25,conv
5.128344671201814,135.81724438273216,Czech,Prague,R3,Male,25,conv
5.133333333333334,135.03499461681898,Czech,Prague,R3,Male,25,conv
5.138321995464852,135.03499461681898,Czech,Prague,R3,Male,25,conv
5.143310657596372,134.25725027802633,Czech,Prague,R3,Male,25,conv
5.148299319727891,134.25725027802633,Czech,Prague,R3,Male,25,conv
5.15328798185941,133.48398541700342,Czech,Prague,R3,Male,25,conv
5.15827664399093,133.48398541700342,Czech,Prague,R3,Male,25,conv
5.163265306122449,133.48398541700342,Czech,Prague,R3,Male,25,conv
5.1682539682539685,133.48398541700342,Czech,Prague,R3,Male,25,conv
5.173242630385488,132.7151742338568,Czech,Prague,R3,Male,25,conv
5.178231292517006,133.48398541700342,Czech,Prague,R3,Male,25,conv
5.183219954648526,133.48398541700342,Czech,Prague,R3,Male,25,conv
5.188208616780045,133.48398541700342,Czech,Prague,R3,Male,25,conv
5.193197278911565,133.48398541700342,Czech,Prague,R3,Male,25,conv
5.198185941043084,133.48398541700342,Czech,Prague,R3,Male,25,conv
5.203174603174603,133.48398541700342,Czech,Prague,R3,Male,25,conv
5.208163265306123,133.48398541700342,Czech,Prague,R3,Male,25,conv
5.213151927437642,133.48398541700342,Czech,Prague,R3,Male,25,conv
5.218140589569161,133.48398541700342,Czech,Prague,R3,Male,25,conv
5.22312925170068,132.7151742338568,Czech,Prague,R3,Male,25,conv
5.228117913832199,132.7151742338568,Czech,Prague,R3,Male,25,conv
5.233106575963719,131.9507910772894,Czech,Prague,R3,Male,25,conv
5.238095238095238,131.9507910772894,Czech,Prague,R3,Male,25,conv
5.2430839002267575,131.19081044374488,Czech,Prague,R3,Male,25,conv
5.248072562358277,131.19081044374488,Czech,Prague,R3,Male,25,conv
5.253061224489796,130.43520697655643,Czech,Prague,R3,Male,25,conv
5.258049886621315,130.43520697655643,Czech,Prague,R3,Male,25,conv
5.263038548752834,130.43520697655643,Czech,Prague,R3,Male,25,conv
5.2680272108843536,129.68395546510095,Czech,Prague,R3,Male,25,conv
5.273015873015873,130.43520697655643,Czech,Prague,R3,Male,25,conv
5.278004535147392,130.43520697655643,Czech,Prague,R3,Male,25,conv
5.282993197278912,129.68395546510095,Czech,Prague,R3,Male,25,conv
5.287981859410431,129.68395546510095,Czech,Prague,R3,Male,25,conv
5.2929705215419505,129.68395546510095,Czech,Prague,R3,Male,25,conv
5.297959183673469,128.9370308439579,Czech,Prague,R3,Male,25,conv
5.302947845804988,128.9370308439579,Czech,Prague,R3,Male,25,conv
5.307936507936508,128.9370308439579,Czech,Prague,R3,Male,25,conv
5.312925170068027,128.9370308439579,Czech,Prague,R3,Male,25,conv
5.3179138321995465,128.1944081920729,Czech,Prague,R3,Male,25,conv
5.322902494331066,128.1944081920729,Czech,Prague,R3,Male,25,conv
5.327891156462585,128.1944081920729,Czech,Prague,R3,Male,25,conv
5.332879818594105,128.1944081920729,Czech,Prague,R3,Male,25,conv
5.337868480725623,128.9370308439579,Czech,Prague,R3,Male,25,conv
5.3428571428571425,128.9370308439579,Czech,Prague,R3,Male,25,conv
5.347845804988662,128.9370308439579,Czech,Prague,R3,Male,25,conv
5.352834467120181,128.9370308439579,Czech,Prague,R3,Male,25,conv
5.357823129251701,128.9370308439579,Czech,Prague,R3,Male,25,conv
5.36281179138322,128.9370308439579,Czech,Prague,R3,Male,25,conv
5.3678004535147394,128.9370308439579,Czech,Prague,R3,Male,25,conv
5.372789115646259,129.68395546510095,Czech,Prague,R3,Male,25,conv
5.377777777777778,129.68395546510095,Czech,Prague,R3,Male,25,conv
5.382766439909297,129.68395546510095,Czech,Prague,R3,Male,25,conv
5.387755102040816,129.68395546510095,Czech,Prague,R3,Male,25,conv
5.3927437641723355,129.68395546510095,Czech,Prague,R3,Male,25,conv
5.397732426303855,128.9370308439579,Czech,Prague,R3,Male,25,conv
5.402721088435374,128.9370308439579,Czech,Prague,R3,Male,25,conv
5.407709750566894,128.9370308439579,Czech,Prague,R3,Male,25,conv
5.412698412698413,128.9370308439579,Czech,Prague,R3,Male,25,conv
5.417687074829932,128.9370308439579,Czech,Prague,R3,Male,25,conv
5.422675736961451,128.1944081920729,Czech,Prague,R3,Male,25,conv
5.42766439909297,128.1944081920729,Czech,Prague,R3,Male,25,conv
5.43265306122449,128.1944081920729,Czech,Prague,R3,Male,25,conv
5.437641723356009,128.1944081920729,Czech,Prague,R3,Male,25,conv
5.442630385487528,128.1944081920729,Czech,Prague,R3,Male,25,conv
5.447619047619048,128.1944081920729,Czech,Prague,R3,Male,25,conv
5.452607709750567,128.1944081920729,Czech,Prague,R3,Male,25,conv
5.457596371882087,128.1944081920729,Czech,Prague,R3,Male,25,conv
5.462585034013605,128.9370308439579,Czech,Prague,R3,Male,25,conv
5.4675736961451245,128.1944081920729,Czech,Prague,R3,Male,25,conv
5.472562358276644,128.1944081920729,Czech,Prague,R3,Male,25,conv
5.477551020408163,128.1944081920729,Czech,Prague,R3,Male,25,conv
5.482539682539683,128.1944081920729,Czech,Prague,R3,Male,25,conv
5.487528344671202,128.1944081920729,Czech,Prague,R3,Male,25,conv
5.492517006802721,128.1944081920729,Czech,Prague,R3,Male,25,conv
5.497505668934241,128.1944081920729,Czech,Prague,R3,Male,25,conv
5.502494331065759,128.1944081920729,Czech,Prague,R3,Male,25,conv
5.507482993197279,128.1944081920729,Czech,Prague,R3,Male,25,conv
5.512471655328798,128.1944081920729,Czech,Prague,R3,Male,25,conv
5.517460317460317,128.1944081920729,Czech,Prague,R3,Male,25,conv
5.522448979591837,127.45606273192622,Czech,Prague,R3,Male,25,conv
5.527437641723356,128.1944081920729,Czech,Prague,R3,Male,25,conv
5.5324263038548755,128.1944081920729,Czech,Prague,R3,Male,25,conv
5.537414965986395,129.68395546510095,Czech,Prague,R3,Male,25,conv
5.542403628117913,131.9507910772894,Czech,Prague,R3,Male,25,conv
5.577324263038549,128.1944081920729,Czech,Prague,R3,Male,25,conv
5.582312925170068,127.45606273192622,Czech,Prague,R3,Male,25,conv
5.587301587301587,126.72196982870622,Czech,Prague,R3,Male,25,conv
5.592290249433106,125.99210498948732,Czech,Prague,R3,Male,25,conv
5.597278911564626,125.99210498948732,Czech,Prague,R3,Male,25,conv
5.602267573696145,125.26644386241281,Czech,Prague,R3,Male,25,conv
5.6072562358276645,125.26644386241281,Czech,Prague,R3,Male,25,conv
5.612244897959184,124.54496223588232,Czech,Prague,R3,Male,25,conv
5.617233560090703,124.54496223588232,Czech,Prague,R3,Male,25,conv
5.622222222222222,124.54496223588232,Czech,Prague,R3,Male,25,conv
5.627210884353741,124.54496223588232,Czech,Prague,R3,Male,25,conv
5.6321995464852606,123.82763603774403,Czech,Prague,R3,Male,25,conv
5.63718820861678,123.82763603774403,Czech,Prague,R3,Male,25,conv
5.642176870748299,123.82763603774403,Czech,Prague,R3,Male,25,conv
5.647165532879819,124.54496223588232,Czech,Prague,R3,Male,25,conv
5.652154195011338,123.82763603774403,Czech,Prague,R3,Male,25,conv
5.6571428571428575,123.82763603774403,Czech,Prague,R3,Male,25,conv
5.662131519274377,124.54496223588232,Czech,Prague,R3,Male,25,conv
5.667120181405895,124.54496223588232,Czech,Prague,R3,Male,25,conv
5.672108843537415,124.54496223588232,Czech,Prague,R3,Male,25,conv
5.677097505668934,124.54496223588232,Czech,Prague,R3,Male,25,conv
5.6820861678004535,124.54496223588232,Czech,Prague,R3,Male,25,conv
5.687074829931973,123.82763603774403,Czech,Prague,R3,Male,25,conv
5.692063492063492,123.82763603774403,Czech,Prague,R3,Male,25,conv
5.697052154195012,123.82763603774403,Czech,Prague,R3,Male,25,conv
5.702040816326531,123.82763603774403,Czech,Prague,R3,Male,25,conv
5.7070294784580495,123.82763603774403,Czech,Prague,R3,Male,25,conv
5.712018140589569,123.82763603774403,Czech,Prague,R3,Male,25,conv
5.717006802721088,123.82763603774403,Czech,Prague,R3,Male,25,conv
5.721995464852608,123.82763603774403,Czech,Prague,R3,Male,25,conv
5.726984126984127,123.82763603774403,Czech,Prague,R3,Male,25,conv
5.7319727891156464,123.82763603774403,Czech,Prague,R3,Male,25,conv
5.736961451247166,123.82763603774403,Czech,Prague,R3,Male,25,conv
5.741950113378685,123.82763603774403,Czech,Prague,R3,Male,25,conv
5.746938775510204,123.82763603774403,Czech,Prague,R3,Male,25,conv
5.751927437641723,123.82763603774403,Czech,Prague,R3,Male,25,conv
5.7569160997732425,123.82763603774403,Czech,Prague,R3,Male,25,conv
5.761904761904762,123.1144413344916,Czech,Prague,R3,Male,25,conv
5.766893424036281,123.1144413344916,Czech,Prague,R3,Male,25,conv
5.771882086167801,123.1144413344916,Czech,Prague,R3,Male,25,conv
5.77687074829932,123.1144413344916,Czech,Prague,R3,Male,25,conv
5.781859410430839,123.1144413344916,Czech,Prague,R3,Male,25,conv
5.786848072562358,123.1144413344916,Czech,Prague,R3,Male,25,conv
5.791836734693877,123.1144413344916,Czech,Prague,R3,Male,25,conv
5.796825396825397,123.1144413344916,Czech,Prague,R3,Male,25,conv
5.801814058956916,123.1144413344916,Czech,Prague,R3,Male,25,conv
5.806802721088435,123.1144413344916,Czech,Prague,R3,Male,25,conv
5.811791383219955,123.1144413344916,Czech,Prague,R3,Male,25,conv
5.816780045351474,123.1144413344916,Czech,Prague,R3,Male,25,conv
5.821768707482994,123.1144413344916,Czech,Prague,R3,Male,25,conv
5.826757369614512,123.82763603774403,Czech,Prague,R3,Male,25,conv
5.8317460317460315,123.82763603774403,Czech,Prague,R3,Male,25,conv
5.836734693877551,124.54496223588232,Czech,Prague,R3,Male,25,conv
5.901587301587302,123.1144413344916,Czech,Prague,R3,Male,25,conv
5.90657596371882,123.1144413344916,Czech,Prague,R3,Male,25,conv
5.91156462585034,123.1144413344916,Czech,Prague,R3,Male,25,conv
5.916553287981859,123.1144413344916,Czech,Prague,R3,Male,25,conv
5.921541950113379,123.1144413344916,Czech,Prague,R3,Male,25,conv
5.926530612244898,123.1144413344916,Czech,Prague,R3,Male,25,conv
5.931519274376417,123.1144413344916,Czech,Prague,R3,Male,25,conv
5.98639455782313,123.1144413344916,Czech,Prague,R3,Male,25,conv
5.991383219954648,123.1144413344916,Czech,Prague,R3,Male,25,conv
5.996371882086168,123.1144413344916,Czech,Prague,R3,Male,25,conv
6.001360544217687,123.1144413344916,Czech,Prague,R3,Male,25,conv
6.006349206349206,123.1144413344916,Czech,Prague,R3,Male,25,conv
6.011337868480726,123.1144413344916,Czech,Prague,R3,Male,25,conv
6.016326530612245,123.1144413344916,Czech,Prague,R3,Male,25,conv
6.0213151927437645,123.82763603774403,Czech,Prague,R3,Male,25,conv
6.026303854875284,123.82763603774403,Czech,Prague,R3,Male,25,conv
6.031292517006802,122.40535433046551,Czech,Prague,R3,Male,25,conv
6.036281179138322,122.40535433046551,Czech,Prague,R3,Male,25,conv
6.3854875283446715,130.43520697655643,Czech,Prague,R3,Male,25,conv
6.390476190476191,129.68395546510095,Czech,Prague,R3,Male,25,conv
6.395464852607709,128.1944081920729,Czech,Prague,R3,Male,25,conv
6.400453514739229,127.45606273192622,Czech,Prague,R3,Male,25,conv
6.405442176870748,125.26644386241281,Czech,Prague,R3,Male,25,conv
6.4104308390022675,125.26644386241281,Czech,Prague,R3,Male,25,conv
6.415419501133787,125.26644386241281,Czech,Prague,R3,Male,25,conv
6.420408163265306,127.45606273192622,Czech,Prague,R3,Male,25,conv
6.425396825396826,127.45606273192622,Czech,Prague,R3,Male,25,conv
6.430385487528345,128.1944081920729,Czech,Prague,R3,Male,25,conv
6.4353741496598635,128.1944081920729,Czech,Prague,R3,Male,25,conv
6.440362811791383,128.1944081920729,Czech,Prague,R3,Male,25,conv
6.445351473922902,128.1944081920729,Czech,Prague,R3,Male,25,conv
6.450340136054422,128.1944081920729,Czech,Prague,R3,Male,25,conv
6.455328798185941,127.45606273192622,Czech,Prague,R3,Male,25,conv
6.4603174603174605,126.72196982870622,Czech,Prague,R3,Male,25,conv
6.46530612244898,126.72196982870622,Czech,Prague,R3,Male,25,conv
6.470294784580499,125.99210498948732,Czech,Prague,R3,Male,25,conv
6.475283446712018,125.99210498948732,Czech,Prague,R3,Male,25,conv
6.480272108843537,125.99210498948732,Czech,Prague,R3,Male,25,conv
6.4852607709750565,125.26644386241281,Czech,Prague,R3,Male,25,conv
6.490249433106576,124.54496223588232,Czech,Prague,R3,Male,25,conv
6.495238095238095,123.82763603774403,Czech,Prague,R3,Male,25,conv
6.500226757369615,123.82763603774403,Czech,Prague,R3,Male,25,conv
6.505215419501134,123.82763603774403,Czech,Prague,R3,Male,25,conv
6.510204081632653,122.40535433046551,Czech,Prague,R3,Male,25,conv
6.515192743764172,122.40535433046551,Czech,Prague,R3,Male,25,conv
6.520181405895691,122.40535433046551,Czech,Prague,R3,Male,25,conv
6.525170068027211,122.40535433046551,Czech,Prague,R3,Male,25,conv
6.53015873015873,120.99940892192926,Czech,Prague,R3,Male,25,conv
6.535147392290249,120.99940892192926,Czech,Prague,R3,Male,25,conv
6.540136054421769,120.99940892192926,Czech,Prague,R3,Male,25,conv
6.545124716553288,120.99940892192926,Czech,Prague,R3,Male,25,conv
6.550113378684808,121.70035136705908,Czech,Prague,R3,Male,25,conv
6.555102040816327,121.70035136705908,Czech,Prague,R3,Male,25,conv
6.5600907029478455,121.70035136705908,Czech,Prague,R3,Male,25,conv
6.565079365079365,122.40535433046551,Czech,Prague,R3,Male,25,conv
6.570068027210884,122.40535433046551,Czech,Prague,R3,Male,25,conv
6.575056689342404,123.1144413344916,Czech,Prague,R3,Male,25,conv
6.580045351473923,123.1144413344916,Czech,Prague,R3,Male,25,conv
6.585034013605442,123.82763603774403,Czech,Prague,R3,Male,25,conv
6.590022675736962,123.82763603774403,Czech,Prague,R3,Male,25,conv
6.595011337868481,123.1144413344916,Czech,Prague,R3,Male,25,conv
6.6,123.1144413344916,Czech,Prague,R3,Male,25,conv
6.604988662131519,123.1144413344916,Czech,Prague,R3,Male,25,conv
6.609977324263038,123.1144413344916,Czech,Prague,R3,Male,25,conv
6.614965986394558,123.1144413344916,Czech,Prague,R3,Male,25,conv
6.619954648526077,122.40535433046551,Czech,Prague,R3,Male,25,conv
6.624943310657597,122.40535433046551,Czech,Prague,R3,Male,25,conv
6.629931972789116,122.40535433046551,Czech,Prague,R3,Male,25,conv
6.634920634920635,122.40535433046551,Czech,Prague,R3,Male,25,conv
6.639909297052154,122.40535433046551,Czech,Prague,R3,Male,25,conv
6.644897959183673,122.40535433046551,Czech,Prague,R3,Male,25,conv
6.649886621315193,122.40535433046551,Czech,Prague,R3,Male,25,conv
6.654875283446712,122.40535433046551,Czech,Prague,R3,Male,25,conv
6.659863945578231,123.1144413344916,Czech,Prague,R3,Male,25,conv
6.664852607709751,123.1144413344916,Czech,Prague,R3,Male,25,conv
6.66984126984127,123.82763603774403,Czech,Prague,R3,Male,25,conv
6.6748299319727895,122.40535433046551,Czech,Prague,R3,Male,25,conv
6.679818594104308,122.40535433046551,Czech,Prague,R3,Male,25,conv
6.684807256235827,122.40535433046551,Czech,Prague,R3,Male,25,conv
6.689795918367347,122.40535433046551,Czech,Prague,R3,Male,25,conv
6.694784580498866,122.40535433046551,Czech,Prague,R3,Male,25,conv
6.6997732426303855,121.70035136705908,Czech,Prague,R3,Male,25,conv
6.704761904761905,121.70035136705908,Czech,Prague,R3,Male,25,conv
6.709750566893424,121.70035136705908,Czech,Prague,R3,Male,25,conv
6.714739229024944,121.70035136705908,Czech,Prague,R3,Male,25,conv
6.784580498866213,111.5997142630223,Czech,Prague,R3,Male,25,conv
6.789569160997733,111.5997142630223,Czech,Prague,R3,Male,25,conv
6.794557823129252,110.31788221637464,Czech,Prague,R3,Male,25,conv
6.7995464852607705,110.31788221637464,Czech,Prague,R3,Male,25,conv
6.80453514739229,109.68249796946259,Czech,Prague,R3,Male,25,conv
6.809523809523809,109.68249796946259,Czech,Prague,R3,Male,25,conv
6.814512471655329,109.05077326652577,Czech,Prague,R3,Male,25,conv
6.819501133786848,106.56005016284844,Czech,Prague,R3,Male,25,conv
6.8244897959183675,105.94630943592954,Czech,Prague,R3,Male,25,conv
6.829478458049887,105.94630943592954,Czech,Prague,R3,Male,25,conv
6.834467120181406,105.33610359548359,Czech,Prague,R3,Male,25,conv
6.839455782312926,102.93022366434919,Czech,Prague,R3,Male,25,conv
6.844444444444444,102.93022366434919,Czech,Prague,R3,Male,25,conv
6.8494331065759635,103.52649238413774,Czech,Prague,R3,Male,25,conv
6.854421768707483,103.52649238413774,Czech,Prague,R3,Male,25,conv
6.859410430839002,103.52649238413774,Czech,Prague,R3,Male,25,conv
6.864399092970522,104.12621525348062,Czech,Prague,R3,Male,25,conv
6.869387755102041,104.12621525348062,Czech,Prague,R3,Male,25,conv
6.87437641723356,104.12621525348062,Czech,Prague,R3,Male,25,conv
6.87936507936508,104.7294122820627,Czech,Prague,R3,Male,25,conv
6.884353741496598,104.7294122820627,Czech,Prague,R3,Male,25,conv
6.889342403628118,104.7294122820627,Czech,Prague,R3,Male,25,conv
6.894331065759637,104.7294122820627,Czech,Prague,R3,Male,25,conv
6.899319727891156,104.7294122820627,Czech,Prague,R3,Male,25,conv
6.904308390022676,104.7294122820627,Czech,Prague,R3,Male,25,conv
6.909297052154195,104.12621525348062,Czech,Prague,R3,Male,25,conv
6.914285714285715,104.12621525348062,Czech,Prague,R3,Male,25,conv
6.919274376417234,103.52649238413774,Czech,Prague,R3,Male,25,conv
6.9242630385487525,104.12621525348062,Czech,Prague,R3,Male,25,conv
6.929251700680272,104.7294122820627,Czech,Prague,R3,Male,25,conv
6.934240362811791,104.7294122820627,Czech,Prague,R3,Male,25,conv
6.939229024943311,105.94630943592954,Czech,Prague,R3,Male,25,conv
6.94421768707483,105.33610359548359,Czech,Prague,R3,Male,25,conv
6.949206349206349,105.33610359548359,Czech,Prague,R3,Male,25,conv
6.954195011337869,105.94630943592954,Czech,Prague,R3,Male,25,conv
6.959183673469388,106.56005016284844,Czech,Prague,R3,Male,25,conv
6.964172335600907,105.94630943592954,Czech,Prague,R3,Male,25,conv
6.969160997732426,107.17734625362931,Czech,Prague,R3,Male,25,conv
6.974149659863945,107.17734625362931,Czech,Prague,R3,Male,25,conv
6.979138321995465,108.42268703014184,Czech,Prague,R3,Male,25,conv
7.1138321995464855,125.99210498948732,Czech,Prague,R3,Male,25,conv
7.118820861678005,125.99210498948732,Czech,Prague,R3,Male,25,conv
7.123809523809523,125.26644386241281,Czech,Prague,R3,Male,25,conv
7.128798185941043,125.26644386241281,Czech,Prague,R3,Male,25,conv
7.133786848072562,125.26644386241281,Czech,Prague,R3,Male,25,conv
7.1387755102040815,125.26644386241281,Czech,Prague,R3,Male,25,conv
7.143764172335601,123.1144413344916,Czech,Prague,R3,Male,25,conv
7.14875283446712,123.82763603774403,Czech,Prague,R3,Male,25,conv
7.15374149659864,122.40535433046551,Czech,Prague,R3,Male,25,conv
7.158730158730159,123.1144413344916,Czech,Prague,R3,Male,25,conv
7.163718820861678,122.40535433046551,Czech,Prague,R3,Male,25,conv
7.168707482993197,121.70035136705908,Czech,Prague,R3,Male,25,conv
7.173696145124716,120.99940892192926,Czech,Prague,R3,Male,25,conv
7.178684807256236,120.30250360821167,Czech,Prague,R3,Male,25,conv
7.183673469387755,120.30250360821167,Czech,Prague,R3,Male,25,conv
7.1886621315192745,120.99940892192926,Czech,Prague,R3,Male,25,conv
7.193650793650794,120.30250360821167,Czech,Prague,R3,Male,25,conv
7.198639455782313,120.99940892192926,Czech,Prague,R3,Male,25,conv
7.298412698412698,109.68249796946259,Czech,Prague,R3,Male,25,conv
7.303401360544218,110.95694720678449,Czech,Prague,R3,Male,25,conv
7.308390022675737,110.31788221637464,Czech,Prague,R3,Male,25,conv
7.313378684807256,109.68249796946259,Czech,Prague,R3,Male,25,conv
7.318367346938776,108.42268703014184,Czech,Prague,R3,Male,25,conv
7.323356009070295,108.42268703014184,Czech,Prague,R3,Male,25,conv
7.328344671201814,106.56005016284844,Czech,Prague,R3,Male,25,conv
7.333333333333333,106.56005016284844,Czech,Prague,R3,Male,25,conv
7.338321995464852,105.94630943592954,Czech,Prague,R3,Male,25,conv
7.343310657596372,107.79821830428551,Czech,Prague,R3,Male,25,conv
7.348299319727891,107.79821830428551,Czech,Prague,R3,Male,25,conv
7.353287981859411,107.79821830428551,Czech,Prague,R3,Male,25,conv
7.35827664399093,107.79821830428551,Czech,Prague,R3,Male,25,conv
7.363265306122449,109.68249796946259,Czech,Prague,R3,Male,25,conv
7.368253968253968,109.68249796946259,Czech,Prague,R3,Male,25,conv
7.373242630385487,110.31788221637464,Czech,Prague,R3,Male,25,conv
7.378231292517007,110.31788221637464,Czech,Prague,R3,Male,25,conv
7.383219954648526,110.31788221637464,Czech,Prague,R3,Male,25,conv
7.388208616780045,109.68249796946259,Czech,Prague,R3,Male,25,conv
7.393197278911565,110.95694720678449,Czech,Prague,R3,Male,25,conv
7.398185941043084,107.79821830428551,Czech,Prague,R3,Male,25,conv
7.4031746031746035,107.79821830428551,Czech,Prague,R3,Male,25,conv
7.408163265306122,110.95694720678449,Czech,Prague,R3,Male,25,conv
7.413151927437641,110.95694720678449,Czech,Prague,R3,Male,25,conv
7.418140589569161,110.95694720678449,Czech,Prague,R3,Male,25,conv
7.42312925170068,110.95694720678449,Czech,Prague,R3,Male,25,conv
